[{"model": "admin.logentry", "pk": 1, "fields": {"action_time": "2025-02-17T14:36:46.419Z", "user": 1, "content_type": 9, "object_id": "115", "object_repr": "Joycee Emmanuel - Jan-2025", "action_flag": 3, "change_message": ""}}, {"model": "admin.logentry", "pk": 2, "fields": {"action_time": "2025-02-17T14:37:12.973Z", "user": 1, "content_type": 8, "object_id": "4", "object_repr": "The Future Foundation School", "action_flag": 1, "change_message": "[{\"added\": {}}]"}}, {"model": "admin.logentry", "pk": 3, "fields": {"action_time": "2025-02-17T14:38:19.101Z", "user": 1, "content_type": 6, "object_id": "2", "object_repr": "admin3134 (Student)", "action_flag": 1, "change_message": "[{\"added\": {}}]"}}, {"model": "admin.logentry", "pk": 4, "fields": {"action_time": "2025-02-17T14:49:19.827Z", "user": 1, "content_type": 6, "object_id": "3", "object_repr": "teacher500 (Teacher)", "action_flag": 1, "change_message": "[{\"added\": {}}]"}}, {"model": "admin.logentry", "pk": 5, "fields": {"action_time": "2025-02-17T14:51:41.268Z", "user": 1, "content_type": 6, "object_id": "2", "object_repr": "admin3134 (Student)", "action_flag": 3, "change_message": ""}}, {"model": "admin.logentry", "pk": 6, "fields": {"action_time": "2025-02-17T14:52:02.779Z", "user": 1, "content_type": 6, "object_id": "4", "object_repr": "admin3134 (Admin)", "action_flag": 1, "change_message": "[{\"added\": {}}]"}}, {"model": "admin.logentry", "pk": 7, "fields": {"action_time": "2025-02-18T08:13:41.826Z", "user": 1, "content_type": 6, "object_id": "3", "object_repr": "teacher500 (Teacher)", "action_flag": 3, "change_message": ""}}, {"model": "admin.logentry", "pk": 8, "fields": {"action_time": "2025-02-18T09:20:36.544Z", "user": 1, "content_type": 6, "object_id": "5", "object_repr": "teacher500 (Student)", "action_flag": 1, "change_message": "[{\"added\": {}}]"}}, {"model": "admin.logentry", "pk": 9, "fields": {"action_time": "2025-02-18T09:21:09.506Z", "user": 1, "content_type": 6, "object_id": "5", "object_repr": "teacher500 (Teacher)", "action_flag": 2, "change_message": "[{\"changed\": {\"fields\": [\"Role\", \"Assigned schools\"]}}]"}}, {"model": "admin.logentry", "pk": 10, "fields": {"action_time": "2025-02-18T09:21:53.692Z", "user": 1, "content_type": 6, "object_id": "6", "object_repr": "teacher501 (Student)", "action_flag": 1, "change_message": "[{\"added\": {}}]"}}, {"model": "admin.logentry", "pk": 11, "fields": {"action_time": "2025-02-18T09:22:52.372Z", "user": 1, "content_type": 6, "object_id": "6", "object_repr": "teacher501 (Teacher)", "action_flag": 2, "change_message": "[{\"changed\": {\"fields\": [\"Role\", \"Assigned schools\"]}}]"}}, {"model": "admin.logentry", "pk": 12, "fields": {"action_time": "2025-02-18T14:22:54.026Z", "user": 1, "content_type": 6, "object_id": "4", "object_repr": "admin3134 (Admin)", "action_flag": 2, "change_message": "[{\"changed\": {\"fields\": [\"Assigned schools\"]}}]"}}, {"model": "admin.logentry", "pk": 13, "fields": {"action_time": "2025-02-18T18:30:45.415Z", "user": 1, "content_type": 8, "object_id": "4", "object_repr": "The Future Foundation School", "action_flag": 3, "change_message": ""}}, {"model": "admin.logentry", "pk": 14, "fields": {"action_time": "2025-02-18T18:30:45.415Z", "user": 1, "content_type": 8, "object_id": "3", "object_repr": "The Renaissance Education System", "action_flag": 3, "change_message": ""}}, {"model": "admin.logentry", "pk": 15, "fields": {"action_time": "2025-02-18T18:30:45.415Z", "user": 1, "content_type": 8, "object_id": "1", "object_repr": "The Creative SchoolDiamond Campus", "action_flag": 3, "change_message": ""}}, {"model": "admin.logentry", "pk": 16, "fields": {"action_time": "2025-02-18T18:31:55.115Z", "user": 1, "content_type": 8, "object_id": "6", "object_repr": "TRES", "action_flag": 3, "change_message": ""}}, {"model": "admin.logentry", "pk": 17, "fields": {"action_time": "2025-02-18T18:31:55.115Z", "user": 1, "content_type": 8, "object_id": "5", "object_repr": "The Creative School", "action_flag": 3, "change_message": ""}}, {"model": "admin.logentry", "pk": 18, "fields": {"action_time": "2025-02-18T18:31:55.116Z", "user": 1, "content_type": 8, "object_id": "2", "object_repr": "The Generation Pre Cadet School", "action_flag": 3, "change_message": ""}}, {"model": "admin.logentry", "pk": 19, "fields": {"action_time": "2025-02-19T17:17:01.582Z", "user": 1, "content_type": 6, "object_id": "5", "object_repr": "teacher500 (Teacher)", "action_flag": 2, "change_message": "[{\"changed\": {\"fields\": [\"Assigned schools\"]}}]"}}, {"model": "admin.logentry", "pk": 20, "fields": {"action_time": "2025-02-19T17:17:12.522Z", "user": 1, "content_type": 6, "object_id": "6", "object_repr": "teacher501 (Teacher)", "action_flag": 2, "change_message": "[{\"changed\": {\"fields\": [\"Assigned schools\"]}}]"}}, {"model": "admin.logentry", "pk": 21, "fields": {"action_time": "2025-02-19T17:35:35.382Z", "user": 1, "content_type": 8, "object_id": "8", "object_repr": "The Creative School", "action_flag": 2, "change_message": "[]"}}, {"model": "admin.logentry", "pk": 22, "fields": {"action_time": "2025-02-20T06:13:29.090Z", "user": 1, "content_type": 13, "object_id": "1", "object_repr": "2025-02-20 - 1 - teacher500", "action_flag": 1, "change_message": "[{\"added\": {}}]"}}, {"model": "admin.logentry", "pk": 23, "fields": {"action_time": "2025-02-20T06:13:50.491Z", "user": 1, "content_type": 12, "object_id": "1", "object_repr": "Attendance object (1)", "action_flag": 1, "change_message": "[{\"added\": {}}]"}}, {"model": "auth.permission", "pk": 1, "fields": {"name": "Can add log entry", "content_type": 1, "codename": "add_logentry"}}, {"model": "auth.permission", "pk": 2, "fields": {"name": "Can change log entry", "content_type": 1, "codename": "change_logentry"}}, {"model": "auth.permission", "pk": 3, "fields": {"name": "Can delete log entry", "content_type": 1, "codename": "delete_logentry"}}, {"model": "auth.permission", "pk": 4, "fields": {"name": "Can view log entry", "content_type": 1, "codename": "view_logentry"}}, {"model": "auth.permission", "pk": 5, "fields": {"name": "Can add permission", "content_type": 2, "codename": "add_permission"}}, {"model": "auth.permission", "pk": 6, "fields": {"name": "Can change permission", "content_type": 2, "codename": "change_permission"}}, {"model": "auth.permission", "pk": 7, "fields": {"name": "Can delete permission", "content_type": 2, "codename": "delete_permission"}}, {"model": "auth.permission", "pk": 8, "fields": {"name": "Can view permission", "content_type": 2, "codename": "view_permission"}}, {"model": "auth.permission", "pk": 9, "fields": {"name": "Can add group", "content_type": 3, "codename": "add_group"}}, {"model": "auth.permission", "pk": 10, "fields": {"name": "Can change group", "content_type": 3, "codename": "change_group"}}, {"model": "auth.permission", "pk": 11, "fields": {"name": "Can delete group", "content_type": 3, "codename": "delete_group"}}, {"model": "auth.permission", "pk": 12, "fields": {"name": "Can view group", "content_type": 3, "codename": "view_group"}}, {"model": "auth.permission", "pk": 13, "fields": {"name": "Can add content type", "content_type": 4, "codename": "add_contenttype"}}, {"model": "auth.permission", "pk": 14, "fields": {"name": "Can change content type", "content_type": 4, "codename": "change_contenttype"}}, {"model": "auth.permission", "pk": 15, "fields": {"name": "Can delete content type", "content_type": 4, "codename": "delete_contenttype"}}, {"model": "auth.permission", "pk": 16, "fields": {"name": "Can view content type", "content_type": 4, "codename": "view_contenttype"}}, {"model": "auth.permission", "pk": 17, "fields": {"name": "Can add session", "content_type": 5, "codename": "add_session"}}, {"model": "auth.permission", "pk": 18, "fields": {"name": "Can change session", "content_type": 5, "codename": "change_session"}}, {"model": "auth.permission", "pk": 19, "fields": {"name": "Can delete session", "content_type": 5, "codename": "delete_session"}}, {"model": "auth.permission", "pk": 20, "fields": {"name": "Can view session", "content_type": 5, "codename": "view_session"}}, {"model": "auth.permission", "pk": 21, "fields": {"name": "Can add user", "content_type": 6, "codename": "add_customuser"}}, {"model": "auth.permission", "pk": 22, "fields": {"name": "Can change user", "content_type": 6, "codename": "change_customuser"}}, {"model": "auth.permission", "pk": 23, "fields": {"name": "Can delete user", "content_type": 6, "codename": "delete_customuser"}}, {"model": "auth.permission", "pk": 24, "fields": {"name": "Can view user", "content_type": 6, "codename": "view_customuser"}}, {"model": "auth.permission", "pk": 25, "fields": {"name": "Can add Student", "content_type": 7, "codename": "add_student"}}, {"model": "auth.permission", "pk": 26, "fields": {"name": "Can change Student", "content_type": 7, "codename": "change_student"}}, {"model": "auth.permission", "pk": 27, "fields": {"name": "Can delete Student", "content_type": 7, "codename": "delete_student"}}, {"model": "auth.permission", "pk": 28, "fields": {"name": "Can view Student", "content_type": 7, "codename": "view_student"}}, {"model": "auth.permission", "pk": 29, "fields": {"name": "Can add school", "content_type": 8, "codename": "add_school"}}, {"model": "auth.permission", "pk": 30, "fields": {"name": "Can change school", "content_type": 8, "codename": "change_school"}}, {"model": "auth.permission", "pk": 31, "fields": {"name": "Can delete school", "content_type": 8, "codename": "delete_school"}}, {"model": "auth.permission", "pk": 32, "fields": {"name": "Can view school", "content_type": 8, "codename": "view_school"}}, {"model": "auth.permission", "pk": 33, "fields": {"name": "Can add fee", "content_type": 9, "codename": "add_fee"}}, {"model": "auth.permission", "pk": 34, "fields": {"name": "Can change fee", "content_type": 9, "codename": "change_fee"}}, {"model": "auth.permission", "pk": 35, "fields": {"name": "Can delete fee", "content_type": 9, "codename": "delete_fee"}}, {"model": "auth.permission", "pk": 36, "fields": {"name": "Can view fee", "content_type": 9, "codename": "view_fee"}}, {"model": "auth.permission", "pk": 37, "fields": {"name": "Can add blacklisted token", "content_type": 10, "codename": "add_blacklistedtoken"}}, {"model": "auth.permission", "pk": 38, "fields": {"name": "Can change blacklisted token", "content_type": 10, "codename": "change_blacklistedtoken"}}, {"model": "auth.permission", "pk": 39, "fields": {"name": "Can delete blacklisted token", "content_type": 10, "codename": "delete_blacklistedtoken"}}, {"model": "auth.permission", "pk": 40, "fields": {"name": "Can view blacklisted token", "content_type": 10, "codename": "view_blacklistedtoken"}}, {"model": "auth.permission", "pk": 41, "fields": {"name": "Can add outstanding token", "content_type": 11, "codename": "add_outstandingtoken"}}, {"model": "auth.permission", "pk": 42, "fields": {"name": "Can change outstanding token", "content_type": 11, "codename": "change_outstandingtoken"}}, {"model": "auth.permission", "pk": 43, "fields": {"name": "Can delete outstanding token", "content_type": 11, "codename": "delete_outstandingtoken"}}, {"model": "auth.permission", "pk": 44, "fields": {"name": "Can view outstanding token", "content_type": 11, "codename": "view_outstandingtoken"}}, {"model": "auth.permission", "pk": 45, "fields": {"name": "Can add attendance", "content_type": 12, "codename": "add_attendance"}}, {"model": "auth.permission", "pk": 46, "fields": {"name": "Can change attendance", "content_type": 12, "codename": "change_attendance"}}, {"model": "auth.permission", "pk": 47, "fields": {"name": "Can delete attendance", "content_type": 12, "codename": "delete_attendance"}}, {"model": "auth.permission", "pk": 48, "fields": {"name": "Can view attendance", "content_type": 12, "codename": "view_attendance"}}, {"model": "auth.permission", "pk": 49, "fields": {"name": "Can add lesson plan", "content_type": 13, "codename": "add_lessonplan"}}, {"model": "auth.permission", "pk": 50, "fields": {"name": "Can change lesson plan", "content_type": 13, "codename": "change_lessonplan"}}, {"model": "auth.permission", "pk": 51, "fields": {"name": "Can delete lesson plan", "content_type": 13, "codename": "delete_lessonplan"}}, {"model": "auth.permission", "pk": 52, "fields": {"name": "Can view lesson plan", "content_type": 13, "codename": "view_lessonplan"}}, {"model": "auth.permission", "pk": 53, "fields": {"name": "Can add student image", "content_type": 14, "codename": "add_studentimage"}}, {"model": "auth.permission", "pk": 54, "fields": {"name": "Can change student image", "content_type": 14, "codename": "change_studentimage"}}, {"model": "auth.permission", "pk": 55, "fields": {"name": "Can delete student image", "content_type": 14, "codename": "delete_studentimage"}}, {"model": "auth.permission", "pk": 56, "fields": {"name": "Can view student image", "content_type": 14, "codename": "view_studentimage"}}, {"model": "auth.permission", "pk": 57, "fields": {"name": "Can add transaction", "content_type": 15, "codename": "add_transaction"}}, {"model": "auth.permission", "pk": 58, "fields": {"name": "Can change transaction", "content_type": 15, "codename": "change_transaction"}}, {"model": "auth.permission", "pk": 59, "fields": {"name": "Can delete transaction", "content_type": 15, "codename": "delete_transaction"}}, {"model": "auth.permission", "pk": 60, "fields": {"name": "Can view transaction", "content_type": 15, "codename": "view_transaction"}}, {"model": "auth.permission", "pk": 61, "fields": {"name": "Can add account", "content_type": 16, "codename": "add_account"}}, {"model": "auth.permission", "pk": 62, "fields": {"name": "Can change account", "content_type": 16, "codename": "change_account"}}, {"model": "auth.permission", "pk": 63, "fields": {"name": "Can delete account", "content_type": 16, "codename": "delete_account"}}, {"model": "auth.permission", "pk": 64, "fields": {"name": "Can view account", "content_type": 16, "codename": "view_account"}}, {"model": "contenttypes.contenttype", "pk": 1, "fields": {"app_label": "admin", "model": "logentry"}}, {"model": "contenttypes.contenttype", "pk": 2, "fields": {"app_label": "auth", "model": "permission"}}, {"model": "contenttypes.contenttype", "pk": 3, "fields": {"app_label": "auth", "model": "group"}}, {"model": "contenttypes.contenttype", "pk": 4, "fields": {"app_label": "contenttypes", "model": "contenttype"}}, {"model": "contenttypes.contenttype", "pk": 5, "fields": {"app_label": "sessions", "model": "session"}}, {"model": "contenttypes.contenttype", "pk": 6, "fields": {"app_label": "students", "model": "customuser"}}, {"model": "contenttypes.contenttype", "pk": 7, "fields": {"app_label": "students", "model": "student"}}, {"model": "contenttypes.contenttype", "pk": 8, "fields": {"app_label": "students", "model": "school"}}, {"model": "contenttypes.contenttype", "pk": 9, "fields": {"app_label": "students", "model": "fee"}}, {"model": "contenttypes.contenttype", "pk": 10, "fields": {"app_label": "token_blacklist", "model": "blacklistedtoken"}}, {"model": "contenttypes.contenttype", "pk": 11, "fields": {"app_label": "token_blacklist", "model": "outstandingtoken"}}, {"model": "contenttypes.contenttype", "pk": 12, "fields": {"app_label": "students", "model": "attendance"}}, {"model": "contenttypes.contenttype", "pk": 13, "fields": {"app_label": "students", "model": "lessonplan"}}, {"model": "contenttypes.contenttype", "pk": 14, "fields": {"app_label": "students", "model": "studentimage"}}, {"model": "contenttypes.contenttype", "pk": 15, "fields": {"app_label": "finance", "model": "transaction"}}, {"model": "contenttypes.contenttype", "pk": 16, "fields": {"app_label": "finance", "model": "account"}}, {"model": "sessions.session", "pk": "frao46qsmlmvzxap9s0iq2oco8ivxeul", "fields": {"session_data": ".eJxVjMsOwiAQRf-FtSEd3rh07zeQYQCpGkhKuzL-uzbpQrf3nHNfLOC21rCNvIQ5sTMDdvrdItIjtx2kO7Zb59TbusyR7wo_6ODXnvLzcrh_BxVH_dYKdLJZI2XvFVhIjkzWlqShIooA56WJsUzRuyKQ3AQgC6KKXqDRYNn7A-UCN9c:1tkJ0e:JwLSHfwF79xovtjjaNUZnboCE_rppXwfKWjVHL0KwHw", "expire_date": "2025-03-04T08:31:16.709Z"}}, {"model": "sessions.session", "pk": "xkmuntout2byo1msaayfxdl2n8ei9wa9", "fields": {"session_data": ".eJxVjDsOwjAQBe_iGln-W1DScwZr17vGAWRLcVJF3B0ipYD2zczbRIJ1qWkdPKeJxEVocfrdEPKT2w7oAe3eZe5tmSeUuyIPOuStE7-uh_t3UGHUb521IkfGWorFhoKlRC7BY_Y6gsNCqH3AoKICAzHowJbP2XvDSmnDTrw__gk4Hg:1tns3Q:QusltAM08JfofN5PLuu69zgjib6FeLioifhS0kR655s", "expire_date": "2025-03-14T04:32:52.676Z"}}, {"model": "students.school", "pk": 7, "fields": {"name": "The Generation Pre Cadet School", "location": null}}, {"model": "students.school", "pk": 8, "fields": {"name": "The Creative School", "location": null}}, {"model": "students.school", "pk": 9, "fields": {"name": "TRES", "location": null}}, {"model": "students.customuser", "pk": 1, "fields": {"password": "pbkdf2_sha256$870000$4EFSa2jBFRVOuBhkZP6caV$RncqXoze1fIIN21Cm+3WZvJJhq4BRjeI4pEID10gZkA=", "last_login": "2025-02-28T04:32:52.502Z", "is_superuser": true, "username": "shahmir3899", "first_name": "", "last_name": "", "email": "", "is_staff": true, "is_active": true, "date_joined": "2025-02-17T10:02:56.284Z", "role": "Student", "assigned_schools": [], "groups": [], "user_permissions": []}}, {"model": "students.customuser", "pk": 4, "fields": {"password": "pbkdf2_sha256$870000$rBrdmUbFVvwKcJcyYSbVFy$OjGT8WZJr5/tuwDENxV+02+esxp/86GokgJFD/b5c8c=", "last_login": null, "is_superuser": false, "username": "admin3134", "first_name": "", "last_name": "", "email": "", "is_staff": false, "is_active": true, "date_joined": "2025-02-17T14:52:00Z", "role": "Admin", "assigned_schools": [], "groups": [], "user_permissions": []}}, {"model": "students.customuser", "pk": 5, "fields": {"password": "pbkdf2_sha256$870000$jPuyFBdI0HcxRwSnNvJCWN$xDw+H/xn5aByP//iFXBOmpj4nZRkqWhIqccxpxP6DUM=", "last_login": null, "is_superuser": false, "username": "teacher500", "first_name": "", "last_name": "", "email": "", "is_staff": false, "is_active": true, "date_joined": "2025-02-18T09:20:34Z", "role": "Teacher", "assigned_schools": [7, 8], "groups": [], "user_permissions": []}}, {"model": "students.customuser", "pk": 6, "fields": {"password": "pbkdf2_sha256$870000$ZPTpIJ1UVYIwaKyk7OcUve$0xuqgO+nNtoxltZ5v8nrOHmAbdZ32PFzFW2dts+ymck=", "last_login": null, "is_superuser": false, "username": "teacher501", "first_name": "", "last_name": "", "email": "", "is_staff": false, "is_active": true, "date_joined": "2025-02-18T09:21:51Z", "role": "Teacher", "assigned_schools": [9], "groups": [], "user_permissions": []}}, {"model": "students.student", "pk": 1, "fields": {"date_of_registration": "2024-11-09", "reg_num": "24-KK-GCS-92", "name": "Faizan Irfan", "gender": "M", "school": 7, "monthly_fee": "1000.00", "date_of_birth": "2024-01-31", "student_class": "4", "phone": "3141891395.0", "address": "Unknown", "status": "Active", "created_at": "2025-02-14T16:57:19.299Z", "updated_at": "2025-02-14T16:57:19.306Z"}}, {"model": "students.student", "pk": 2, "fields": {"date_of_registration": "2024-11-18", "reg_num": "24-KK-GCS-93", "name": "Syed Hadi Asif", "gender": "M", "school": 7, "monthly_fee": "1000.00", "date_of_birth": "2014-12-29", "student_class": "3", "phone": "Unknown", "address": "Unknown", "status": "Active", "created_at": "2025-02-14T16:57:19.299Z", "updated_at": "2025-02-14T16:57:19.306Z"}}, {"model": "students.student", "pk": 3, "fields": {"date_of_registration": "2024-11-09", "reg_num": "24-KK-GCS-94", "name": "Zeeshan Irfan", "gender": "M", "school": 7, "monthly_fee": "1000.00", "date_of_birth": "2024-11-27", "student_class": "6", "phone": "3141891395.0", "address": "Unknown", "status": "Active", "created_at": "2025-02-14T16:57:19.299Z", "updated_at": "2025-02-14T16:57:19.306Z"}}, {"model": "students.student", "pk": 4, "fields": {"date_of_registration": "2024-11-09", "reg_num": "24-KK-GCS-95", "name": "Rouhan Niaz", "gender": "M", "school": 7, "monthly_fee": "1000.00", "date_of_birth": "2024-05-31", "student_class": "6", "phone": "Unknown", "address": "Street # 41, House # R646", "status": "Active", "created_at": "2025-02-14T16:57:19.299Z", "updated_at": "2025-02-14T16:57:19.306Z"}}, {"model": "students.student", "pk": 5, "fields": {"date_of_registration": "2024-11-20", "reg_num": "24-KK-GCS-96", "name": "Muhammad Arhum Irfan", "gender": "M", "school": 7, "monthly_fee": "1000.00", "date_of_birth": "2018-03-27", "student_class": "1", "phone": "Unknown", "address": "House # 1019, Street 43 H, Phase 4A, Ghauri TOwn Islamabad", "status": "Active", "created_at": "2025-02-14T16:57:19.299Z", "updated_at": "2025-02-14T16:57:19.306Z"}}, {"model": "students.student", "pk": 6, "fields": {"date_of_registration": "2024-11-21", "reg_num": "24-KK-GCS-97", "name": "Muhammad Ahmed Irfan", "gender": "M", "school": 7, "monthly_fee": "1000.00", "date_of_birth": "2016-03-25", "student_class": "3", "phone": "Unknown", "address": "House # 1019, Street 43 H, Phase 4A, Ghauri TOwn Islamabad", "status": "Active", "created_at": "2025-02-14T16:57:19.299Z", "updated_at": "2025-02-14T16:57:19.306Z"}}, {"model": "students.student", "pk": 7, "fields": {"date_of_registration": "2024-11-22", "reg_num": "24-KK-GCS-98", "name": "Abdul Ahad", "gender": "M", "school": 7, "monthly_fee": "1000.00", "date_of_birth": "2014-07-16", "student_class": "5", "phone": "Unknownx", "address": "House # 235, Street 16", "status": "Active", "created_at": "2025-02-14T16:57:19.299Z", "updated_at": "2025-02-14T17:59:39.426Z"}}, {"model": "students.student", "pk": 8, "fields": {"date_of_registration": "2024-11-21", "reg_num": "24-KK-GCS-99", "name": "Ayan Nabi", "gender": "M", "school": 7, "monthly_fee": "1000.00", "date_of_birth": "2013-08-13", "student_class": "4", "phone": "Unknown", "address": "St# 18, House # 337", "status": "Active", "created_at": "2025-02-14T16:57:19.299Z", "updated_at": "2025-02-14T16:57:19.306Z"}}, {"model": "students.student", "pk": 9, "fields": {"date_of_registration": "2024-11-22", "reg_num": "24-KK-GCS-101", "name": "Dua Samsoon", "gender": "F", "school": 7, "monthly_fee": "1000.00", "date_of_birth": "2013-05-19", "student_class": "5", "phone": "Unknown", "address": "Unknown", "status": "Active", "created_at": "2025-02-14T16:57:19.299Z", "updated_at": "2025-02-14T16:57:19.306Z"}}, {"model": "students.student", "pk": 10, "fields": {"date_of_registration": "2024-11-25", "reg_num": "24-KK-GCS-102", "name": "Sawera Rajpoot", "gender": "F", "school": 7, "monthly_fee": "1000.00", "date_of_birth": "2014-05-05", "student_class": "6", "phone": "Unknown", "address": "Unknown", "status": "Active", "created_at": "2025-02-14T16:57:19.299Z", "updated_at": "2025-02-14T16:57:19.306Z"}}, {"model": "students.student", "pk": 11, "fields": {"date_of_registration": "2024-11-28", "reg_num": "24-KK-GCS-103", "name": "Abiha Mansoor", "gender": "F", "school": 7, "monthly_fee": "1000.00", "date_of_birth": "2012-07-28", "student_class": "6", "phone": "Unknown", "address": "Unknown", "status": "Active", "created_at": "2025-02-14T16:57:19.299Z", "updated_at": "2025-02-14T16:57:19.306Z"}}, {"model": "students.student", "pk": 12, "fields": {"date_of_registration": "2024-11-21", "reg_num": "24-KK-GCS-104", "name": "Aena Noor", "gender": "F", "school": 8, "monthly_fee": "1000.00", "date_of_birth": "2013-07-17", "student_class": "5", "phone": "Unknown", "address": "Street 4", "status": "Active", "created_at": "2025-02-14T16:57:19.299Z", "updated_at": "2025-02-14T16:57:19.306Z"}}, {"model": "students.student", "pk": 13, "fields": {"date_of_registration": "2024-11-28", "reg_num": "24-KK-GCS-108", "name": "Haider Ali", "gender": "M", "school": 8, "monthly_fee": "1000.00", "date_of_birth": "2018-12-24", "student_class": "1", "phone": "Unknown", "address": "St#20, 4A", "status": "Active", "created_at": "2025-02-14T16:57:19.299Z", "updated_at": "2025-02-14T16:57:19.306Z"}}, {"model": "students.student", "pk": 14, "fields": {"date_of_registration": "2024-11-28", "reg_num": "24-KK-GCS-109", "name": "Shawaiz", "gender": "M", "school": 8, "monthly_fee": "500.00", "date_of_birth": "1900-01-01", "student_class": "1", "phone": "Unknown", "address": "Unknown", "status": "Active", "created_at": "2025-02-14T16:57:19.299Z", "updated_at": "2025-02-14T16:57:19.306Z"}}, {"model": "students.student", "pk": 15, "fields": {"date_of_registration": "2024-11-28", "reg_num": "24-KK-GCS-118", "name": "Muhammad Shahbaz Ali", "gender": "M", "school": 8, "monthly_fee": "1000.00", "date_of_birth": "2016-10-28", "student_class": "2", "phone": "Unknown", "address": "Street 1B, ghauri town", "status": "Active", "created_at": "2025-02-14T16:57:19.299Z", "updated_at": "2025-02-14T16:57:19.306Z"}}, {"model": "students.student", "pk": 16, "fields": {"date_of_registration": "2024-11-29", "reg_num": "24-KK-GCS-111", "name": "Hooria Waqas", "gender": "F", "school": 8, "monthly_fee": "1000.00", "date_of_birth": "2017-07-01", "student_class": "1", "phone": "Unknown", "address": "4A", "status": "Active", "created_at": "2025-02-14T16:57:19.299Z", "updated_at": "2025-02-14T16:57:19.306Z"}}, {"model": "students.student", "pk": 17, "fields": {"date_of_registration": "2024-11-28", "reg_num": "24-KK-GCS-130", "name": "Abdul Momin Butt", "gender": "M", "school": 8, "monthly_fee": "1000.00", "date_of_birth": "2013-08-15", "student_class": "5", "phone": "Unknown", "address": "Unknown", "status": "Active", "created_at": "2025-02-14T16:57:19.299Z", "updated_at": "2025-02-14T16:57:19.306Z"}}, {"model": "students.student", "pk": 18, "fields": {"date_of_registration": "2024-11-28", "reg_num": "24-KK-GCS-105", "name": "Mubarak", "gender": "M", "school": 8, "monthly_fee": "0.00", "date_of_birth": "2018-08-09", "student_class": "1", "phone": "Unknown", "address": "Street 14", "status": "Active", "created_at": "2025-02-14T16:57:19.299Z", "updated_at": "2025-02-14T16:57:19.306Z"}}, {"model": "students.student", "pk": 19, "fields": {"date_of_registration": "2024-11-28", "reg_num": "24-KK-GCS-106", "name": "Ibad Rehan", "gender": "M", "school": 8, "monthly_fee": "0.00", "date_of_birth": "1900-01-01", "student_class": "1", "phone": "Unknown", "address": "Street 14", "status": "Active", "created_at": "2025-02-14T16:57:19.299Z", "updated_at": "2025-02-14T16:57:19.306Z"}}, {"model": "students.student", "pk": 20, "fields": {"date_of_registration": "2024-12-01", "reg_num": "24-KK-GCS-107", "name": "Abdullah Abbasi", "gender": "M", "school": 8, "monthly_fee": "0.00", "date_of_birth": "2014-04-10", "student_class": "1", "phone": "Unknown", "address": "Street 14", "status": "Active", "created_at": "2025-02-14T16:57:19.299Z", "updated_at": "2025-02-14T16:57:19.306Z"}}, {"model": "students.student", "pk": 21, "fields": {"date_of_registration": "2024-12-01", "reg_num": "24-KK-GCS-110", "name": "Tuba Mehak", "gender": "F", "school": 8, "monthly_fee": "0.00", "date_of_birth": "2020-11-07", "student_class": "1", "phone": "Unknown", "address": "Street 14", "status": "Active", "created_at": "2025-02-14T16:57:19.299Z", "updated_at": "2025-02-14T16:57:19.306Z"}}, {"model": "students.student", "pk": 22, "fields": {"date_of_registration": "2024-12-01", "reg_num": "24-KK-GCS-113", "name": "Asad Ali", "gender": "M", "school": 8, "monthly_fee": "0.00", "date_of_birth": "2011-01-25", "student_class": "2", "phone": "Unknown", "address": "Street 14", "status": "Active", "created_at": "2025-02-14T16:57:19.299Z", "updated_at": "2025-02-14T16:57:19.306Z"}}, {"model": "students.student", "pk": 23, "fields": {"date_of_registration": "2024-12-02", "reg_num": "24-KK-GCS-114", "name": "Muhammad Khizar Khan", "gender": "M", "school": 8, "monthly_fee": "0.00", "date_of_birth": "2015-10-10", "student_class": "2", "phone": "Unknown", "address": "Street 14", "status": "Active", "created_at": "2025-02-14T16:57:19.299Z", "updated_at": "2025-02-14T16:57:19.306Z"}}, {"model": "students.student", "pk": 24, "fields": {"date_of_registration": "2024-12-02", "reg_num": "24-KK-GCS-115", "name": "Muhammad Azan Khan", "gender": "M", "school": 8, "monthly_fee": "0.00", "date_of_birth": "2016-12-12", "student_class": "2", "phone": "Unknown", "address": "Street 14", "status": "Active", "created_at": "2025-02-14T16:57:19.299Z", "updated_at": "2025-02-14T16:57:19.306Z"}}, {"model": "students.student", "pk": 25, "fields": {"date_of_registration": "2024-12-03", "reg_num": "24-KK-GCS-116", "name": "Saqlain Abdul Malik", "gender": "M", "school": 8, "monthly_fee": "0.00", "date_of_birth": "2016-03-15", "student_class": "2", "phone": "Unknown", "address": "Street 14 A", "status": "Active", "created_at": "2025-02-14T16:57:19.299Z", "updated_at": "2025-02-14T16:57:19.306Z"}}, {"model": "students.student", "pk": 26, "fields": {"date_of_registration": "2024-12-04", "reg_num": "24-KK-GCS-117", "name": "Midha", "gender": "F", "school": 8, "monthly_fee": "0.00", "date_of_birth": "2018-08-09", "student_class": "2", "phone": "Unknown", "address": "Street 14", "status": "Active", "created_at": "2025-02-14T16:57:19.299Z", "updated_at": "2025-02-14T16:57:19.306Z"}}, {"model": "students.student", "pk": 27, "fields": {"date_of_registration": "2024-12-04", "reg_num": "24-KK-GCS-120", "name": "Hasnain Abdul Malik", "gender": "M", "school": 8, "monthly_fee": "0.00", "date_of_birth": "2016-03-15", "student_class": "3", "phone": "Unknown", "address": "Street 14 A", "status": "Active", "created_at": "2025-02-14T16:57:19.299Z", "updated_at": "2025-02-14T16:57:19.306Z"}}, {"model": "students.student", "pk": 28, "fields": {"date_of_registration": "2024-12-04", "reg_num": "24-KK-GCS-123", "name": "Fatima Rehan", "gender": "F", "school": 8, "monthly_fee": "0.00", "date_of_birth": "1900-01-01", "student_class": "3", "phone": "Unknown", "address": "Street 14 A", "status": "Active", "created_at": "2025-02-14T16:57:19.299Z", "updated_at": "2025-02-14T16:57:19.306Z"}}, {"model": "students.student", "pk": 29, "fields": {"date_of_registration": "2024-12-04", "reg_num": "24-KK-GCS-124", "name": "Sumbal Ali", "gender": "F", "school": 8, "monthly_fee": "0.00", "date_of_birth": "2016-06-07", "student_class": "4", "phone": "Unknown", "address": "Street 14", "status": "Active", "created_at": "2025-02-14T16:57:19.299Z", "updated_at": "2025-02-14T16:57:19.306Z"}}, {"model": "students.student", "pk": 30, "fields": {"date_of_registration": "2024-12-04", "reg_num": "24-KK-GCS-125", "name": "Muhammad Ibrahim Rehan", "gender": "M", "school": 8, "monthly_fee": "0.00", "date_of_birth": "2012-03-23", "student_class": "4", "phone": "Unknown", "address": "Street 14", "status": "Active", "created_at": "2025-02-14T16:57:19.299Z", "updated_at": "2025-02-14T16:57:19.306Z"}}, {"model": "students.student", "pk": 31, "fields": {"date_of_registration": "2024-12-08", "reg_num": "24-KK-GCS-127", "name": "Hina Hassan", "gender": "F", "school": 8, "monthly_fee": "0.00", "date_of_birth": "2012-10-03", "student_class": "5", "phone": "Unknown", "address": "Street 14", "status": "Active", "created_at": "2025-02-14T16:57:19.299Z", "updated_at": "2025-02-14T16:57:19.306Z"}}, {"model": "students.student", "pk": 32, "fields": {"date_of_registration": "2024-12-08", "reg_num": "24-KK-GCS-128", "name": "Muskan Arshad", "gender": "F", "school": 8, "monthly_fee": "0.00", "date_of_birth": "2011-05-24", "student_class": "5", "phone": "Unknown", "address": "Street 14", "status": "Active", "created_at": "2025-02-14T16:57:19.299Z", "updated_at": "2025-02-14T16:57:19.306Z"}}, {"model": "students.student", "pk": 33, "fields": {"date_of_registration": "2024-12-03", "reg_num": "24-KK-GCS-131", "name": "Sayed Ashar Hussnain", "gender": "M", "school": 7, "monthly_fee": "1000.00", "date_of_birth": "2016-12-03", "student_class": "1", "phone": "Unknown", "address": "4A", "status": "Active", "created_at": "2025-02-14T16:57:19.299Z", "updated_at": "2025-02-14T16:57:19.306Z"}}, {"model": "students.student", "pk": 34, "fields": {"date_of_registration": "2024-12-07", "reg_num": "24-KK-GCS-132", "name": "Uswa Yasir Abbasi", "gender": "F", "school": 7, "monthly_fee": "1000.00", "date_of_birth": "2015-07-14", "student_class": "4", "phone": "Unknown", "address": "4A", "status": "Active", "created_at": "2025-02-14T16:57:19.299Z", "updated_at": "2025-02-14T16:57:19.306Z"}}, {"model": "students.student", "pk": 35, "fields": {"date_of_registration": "2024-12-05", "reg_num": "24-KK-GCS-133", "name": "Syed Ahmed Zawar", "gender": "M", "school": 7, "monthly_fee": "1000.00", "date_of_birth": "2011-07-29", "student_class": "6", "phone": "Unknown", "address": "4A", "status": "Active", "created_at": "2025-02-14T16:57:19.299Z", "updated_at": "2025-02-14T16:57:19.306Z"}}, {"model": "students.student", "pk": 36, "fields": {"date_of_registration": "2024-12-10", "reg_num": "24-KK-GCS-134", "name": "Huzaifa Javed", "gender": "M", "school": 7, "monthly_fee": "1000.00", "date_of_birth": "1900-01-01", "student_class": "6", "phone": "Unknown", "address": "Unknown", "status": "Active", "created_at": "2025-02-14T16:57:19.299Z", "updated_at": "2025-02-14T16:57:19.306Z"}}, {"model": "students.student", "pk": 37, "fields": {"date_of_registration": "2024-12-10", "reg_num": "24-KK-GCS-135", "name": "Abdul Samad", "gender": "M", "school": 7, "monthly_fee": "1000.00", "date_of_birth": "1900-01-01", "student_class": "4", "phone": "Unknown", "address": "Unknown", "status": "Active", "created_at": "2025-02-14T16:57:19.299Z", "updated_at": "2025-02-14T16:57:19.306Z"}}, {"model": "students.student", "pk": 38, "fields": {"date_of_registration": "2024-12-10", "reg_num": "24-KK-GCS-136", "name": "Ayat Hayat", "gender": "M", "school": 7, "monthly_fee": "1000.00", "date_of_birth": "1900-01-01", "student_class": "3", "phone": "Unknown", "address": "Unknown", "status": "Active", "created_at": "2025-02-14T16:57:19.299Z", "updated_at": "2025-02-14T16:57:19.306Z"}}, {"model": "students.student", "pk": 39, "fields": {"date_of_registration": "2024-12-10", "reg_num": "24-KK-GCS-137", "name": "Dua Adnan", "gender": "F", "school": 7, "monthly_fee": "1000.00", "date_of_birth": "1900-01-01", "student_class": "3", "phone": "Unknown", "address": "Unknown", "status": "Active", "created_at": "2025-02-14T16:57:19.299Z", "updated_at": "2025-02-14T16:57:19.306Z"}}, {"model": "students.student", "pk": 40, "fields": {"date_of_registration": "2024-12-10", "reg_num": "24-KK-GCS-138", "name": "Ruhan Salman", "gender": "M", "school": 7, "monthly_fee": "1000.00", "date_of_birth": "1900-01-01", "student_class": "1", "phone": "Unknown", "address": "Unknown", "status": "Active", "created_at": "2025-02-14T16:57:19.299Z", "updated_at": "2025-02-14T16:57:19.306Z"}}, {"model": "students.student", "pk": 41, "fields": {"date_of_registration": "2024-12-10", "reg_num": "24-KK-GCS-139", "name": "Khalifa Asif", "gender": "F", "school": 7, "monthly_fee": "1000.00", "date_of_birth": "1900-01-01", "student_class": "1", "phone": "Unknown", "address": "Unknown", "status": "Active", "created_at": "2025-02-14T16:57:19.299Z", "updated_at": "2025-02-14T16:57:19.306Z"}}, {"model": "students.student", "pk": 42, "fields": {"date_of_registration": "2024-12-10", "reg_num": "24-KK-GCS-140", "name": "Dania Adnan", "gender": "F", "school": 7, "monthly_fee": "1000.00", "date_of_birth": "1900-01-01", "student_class": "1", "phone": "Unknown", "address": "Unknown", "status": "Active", "created_at": "2025-02-14T16:57:19.299Z", "updated_at": "2025-02-14T16:57:19.306Z"}}, {"model": "students.student", "pk": 43, "fields": {"date_of_registration": "2024-12-10", "reg_num": "24-KK-GCS-141", "name": "Abdullah Aziz", "gender": "M", "school": 7, "monthly_fee": "1000.00", "date_of_birth": "1900-01-01", "student_class": "2", "phone": "Unknown", "address": "Unknown", "status": "Active", "created_at": "2025-02-14T16:57:19.299Z", "updated_at": "2025-02-14T16:57:19.306Z"}}, {"model": "students.student", "pk": 44, "fields": {"date_of_registration": "2024-12-10", "reg_num": "24-KK-GCS-142", "name": "Umer Ali", "gender": "M", "school": 7, "monthly_fee": "1000.00", "date_of_birth": "1900-01-01", "student_class": "6", "phone": "Unknown", "address": "Unknown", "status": "Active", "created_at": "2025-02-14T16:57:19.299Z", "updated_at": "2025-02-14T16:57:19.306Z"}}, {"model": "students.student", "pk": 45, "fields": {"date_of_registration": "2024-12-10", "reg_num": "24-KK-GCS-143", "name": "Sajal Faisal", "gender": "M", "school": 7, "monthly_fee": "1000.00", "date_of_birth": "1900-01-01", "student_class": "1", "phone": "Unknown", "address": "Unknown", "status": "Active", "created_at": "2025-02-14T16:57:19.299Z", "updated_at": "2025-02-14T16:57:19.306Z"}}, {"model": "students.student", "pk": 46, "fields": {"date_of_registration": "2024-12-10", "reg_num": "24-KK-GCS-144", "name": "Ibaad Faisal", "gender": "M", "school": 7, "monthly_fee": "1000.00", "date_of_birth": "1900-01-01", "student_class": "3", "phone": "Unknown", "address": "Unknown", "status": "Active", "created_at": "2025-02-14T16:57:19.299Z", "updated_at": "2025-02-14T16:57:19.306Z"}}, {"model": "students.student", "pk": 47, "fields": {"date_of_registration": "2024-12-10", "reg_num": "24-KK-GCS-146", "name": "Alizay Jannat", "gender": "F", "school": 7, "monthly_fee": "1000.00", "date_of_birth": "1900-01-01", "student_class": "1", "phone": "Unknown", "address": "Unknown", "status": "Active", "created_at": "2025-02-14T16:57:19.299Z", "updated_at": "2025-02-14T16:57:19.306Z"}}, {"model": "students.student", "pk": 48, "fields": {"date_of_registration": "2024-12-10", "reg_num": "24-KK-GCS-147", "name": "Emaan Fatima", "gender": "F", "school": 7, "monthly_fee": "1000.00", "date_of_birth": "1900-01-01", "student_class": "4", "phone": "Unknown", "address": "Unknown", "status": "Active", "created_at": "2025-02-14T16:57:19.299Z", "updated_at": "2025-02-14T16:57:19.306Z"}}, {"model": "students.student", "pk": 49, "fields": {"date_of_registration": "2024-12-10", "reg_num": "24-KK-GCS-148", "name": "Amna Tehreen", "gender": "F", "school": 7, "monthly_fee": "1000.00", "date_of_birth": "1900-01-01", "student_class": "7", "phone": "Unknown", "address": "Unknown", "status": "Active", "created_at": "2025-02-14T16:57:19.299Z", "updated_at": "2025-02-14T16:57:19.306Z"}}, {"model": "students.student", "pk": 50, "fields": {"date_of_registration": "2024-12-10", "reg_num": "24-KK-GCS-149", "name": "Amani Ismail", "gender": "F", "school": 7, "monthly_fee": "1000.00", "date_of_birth": "1900-01-01", "student_class": "2", "phone": "Unknown", "address": "Unknown", "status": "Active", "created_at": "2025-02-14T16:57:19.299Z", "updated_at": "2025-02-14T16:57:19.306Z"}}, {"model": "students.student", "pk": 51, "fields": {"date_of_registration": "2024-12-10", "reg_num": "24-KK-GCS-150", "name": "Arfa Zahra", "gender": "F", "school": 7, "monthly_fee": "1000.00", "date_of_birth": "1900-01-01", "student_class": "3", "phone": "Unknown", "address": "Unknown", "status": "Active", "created_at": "2025-02-14T16:57:19.299Z", "updated_at": "2025-02-14T16:57:19.306Z"}}, {"model": "students.student", "pk": 52, "fields": {"date_of_registration": "2024-12-10", "reg_num": "24-KK-GCS-151", "name": "Hifza Amir", "gender": "F", "school": 7, "monthly_fee": "1000.00", "date_of_birth": "1900-01-01", "student_class": "2", "phone": "Unknown", "address": "Unknown", "status": "Active", "created_at": "2025-02-14T16:57:19.299Z", "updated_at": "2025-02-14T16:57:19.306Z"}}, {"model": "students.student", "pk": 53, "fields": {"date_of_registration": "2024-12-10", "reg_num": "24-KK-GCS-152", "name": "Warisha Amir", "gender": "F", "school": 7, "monthly_fee": "1000.00", "date_of_birth": "1900-01-01", "student_class": "7", "phone": "Unknown", "address": "Unknown", "status": "Active", "created_at": "2025-02-14T16:57:19.299Z", "updated_at": "2025-02-14T16:57:19.306Z"}}, {"model": "students.student", "pk": 54, "fields": {"date_of_registration": "2024-12-10", "reg_num": "24-KK-GCS-153", "name": "Joail Emmanuel", "gender": "M", "school": 7, "monthly_fee": "1000.00", "date_of_birth": "1900-01-01", "student_class": "6", "phone": "Unknown", "address": "Unknown", "status": "Active", "created_at": "2025-02-14T16:57:19.299Z", "updated_at": "2025-02-14T16:57:19.306Z"}}, {"model": "students.student", "pk": 55, "fields": {"date_of_registration": "2024-12-10", "reg_num": "24-KK-GCS-154", "name": "Joycee Emmanuel", "gender": "F", "school": 7, "monthly_fee": "1000.00", "date_of_birth": "1900-01-01", "student_class": "4", "phone": "Unknown", "address": "Unknown", "status": "Active", "created_at": "2025-02-14T16:57:19.299Z", "updated_at": "2025-02-14T16:57:19.306Z"}}, {"model": "students.student", "pk": 56, "fields": {"date_of_registration": "2024-12-10", "reg_num": "24-KK-GCS-155", "name": "Haim Ali", "gender": "M", "school": 7, "monthly_fee": "1000.00", "date_of_birth": "1900-01-01", "student_class": "1", "phone": "Unknown", "address": "Unknown", "status": "Active", "created_at": "2025-02-14T16:57:19.299Z", "updated_at": "2025-02-14T16:57:19.306Z"}}, {"model": "students.student", "pk": 57, "fields": {"date_of_registration": "2024-12-10", "reg_num": "24-KK-GCS-156", "name": "Abdul Wasay Waseem", "gender": "M", "school": 7, "monthly_fee": "1000.00", "date_of_birth": "1900-01-01", "student_class": "4", "phone": "Unknown", "address": "Unknown", "status": "Active", "created_at": "2025-02-14T16:57:19.299Z", "updated_at": "2025-02-14T16:57:19.306Z"}}, {"model": "students.student", "pk": 58, "fields": {"date_of_registration": "2024-12-10", "reg_num": "24-KK-GCS-157", "name": "Bilal Ahmed", "gender": "M", "school": 7, "monthly_fee": "1000.00", "date_of_birth": "1900-01-01", "student_class": "5", "phone": "Unknown", "address": "Unknown", "status": "Active", "created_at": "2025-02-14T16:57:19.299Z", "updated_at": "2025-02-14T16:57:19.306Z"}}, {"model": "students.student", "pk": 59, "fields": {"date_of_registration": "2024-12-10", "reg_num": "24-KK-GCS-158", "name": "Muhammad Rohan", "gender": "M", "school": 7, "monthly_fee": "1000.00", "date_of_birth": "1900-01-01", "student_class": "1", "phone": "Unknown", "address": "Unknown", "status": "Active", "created_at": "2025-02-14T16:57:19.299Z", "updated_at": "2025-02-14T16:57:19.306Z"}}, {"model": "students.student", "pk": 60, "fields": {"date_of_registration": "2024-12-10", "reg_num": "24-KK-GCS-159", "name": "Hassan Mehmood", "gender": "M", "school": 8, "monthly_fee": "0.00", "date_of_birth": "1900-01-01", "student_class": "3", "phone": "Unknown", "address": "Street 14", "status": "Active", "created_at": "2025-02-14T16:57:19.299Z", "updated_at": "2025-02-14T16:57:19.306Z"}}, {"model": "students.student", "pk": 62, "fields": {"date_of_registration": "2025-02-15", "reg_num": "25-87-45", "name": "TestStudent", "gender": "Male", "school": 9, "monthly_fee": "1000.00", "date_of_birth": null, "student_class": "1", "phone": "033958", "address": null, "status": "Active", "created_at": "2025-02-15T17:18:47.551Z", "updated_at": "2025-02-15T17:18:47.551Z"}}, {"model": "students.student", "pk": 63, "fields": {"date_of_registration": "2025-02-15", "reg_num": "005822", "name": "test2", "gender": "Male", "school": 9, "monthly_fee": "1000.00", "date_of_birth": null, "student_class": "1", "phone": "4587466", "address": null, "status": "Active", "created_at": "2025-02-15T17:20:10.348Z", "updated_at": "2025-02-15T17:20:10.348Z"}}, {"model": "students.student", "pk": 65, "fields": {"date_of_registration": "2025-02-27", "reg_num": "tetssds", "name": "yestest", "gender": "Male", "school": 9, "monthly_fee": "1000.00", "date_of_birth": null, "student_class": "1", "phone": "0900786201", "address": null, "status": "Active", "created_at": "2025-02-27T04:09:21.676Z", "updated_at": "2025-02-27T04:09:21.676Z"}}, {"model": "students.fee", "pk": 1, "fields": {"student_id": 1, "student_name": "Faizan Irfan", "school": "The Generation Pre Cadet School", "student_class": "4", "monthly_fee": "1000.00", "month": "Dec-2024", "total_fee": "1000.00", "paid_amount": "1000.00", "balance_due": "0.00", "payment_date": "2024-12-15", "status": "Pending"}}, {"model": "students.fee", "pk": 2, "fields": {"student_id": 2, "student_name": "Syed Hadi Asif", "school": "The Generation Pre Cadet School", "student_class": "3", "monthly_fee": "1000.00", "month": "Dec-2024", "total_fee": "1000.00", "paid_amount": "0.00", "balance_due": "1000.00", "payment_date": "2024-12-15", "status": "Pending"}}, {"model": "students.fee", "pk": 3, "fields": {"student_id": 3, "student_name": "Zeeshan Irfan", "school": "The Generation Pre Cadet School", "student_class": "6", "monthly_fee": "1000.00", "month": "Dec-2024", "total_fee": "1000.00", "paid_amount": "1000.00", "balance_due": "0.00", "payment_date": "2024-12-15", "status": "Pending"}}, {"model": "students.fee", "pk": 4, "fields": {"student_id": 4, "student_name": "Rouhan Niaz", "school": "The Generation Pre Cadet School", "student_class": "6", "monthly_fee": "1000.00", "month": "Dec-2024", "total_fee": "1000.00", "paid_amount": "1000.00", "balance_due": "0.00", "payment_date": "2024-12-15", "status": "Pending"}}, {"model": "students.fee", "pk": 5, "fields": {"student_id": 5, "student_name": "Muhammad Arhum Irfan", "school": "The Generation Pre Cadet School", "student_class": "1", "monthly_fee": "1000.00", "month": "Dec-2024", "total_fee": "1000.00", "paid_amount": "1000.00", "balance_due": "0.00", "payment_date": "2024-12-15", "status": "Paid"}}, {"model": "students.fee", "pk": 6, "fields": {"student_id": 6, "student_name": "Muhammad Ahmed Irfan", "school": "The Generation Pre Cadet School", "student_class": "3", "monthly_fee": "1000.00", "month": "Dec-2024", "total_fee": "1000.00", "paid_amount": "0.00", "balance_due": "1000.00", "payment_date": "2024-12-15", "status": "Pending"}}, {"model": "students.fee", "pk": 7, "fields": {"student_id": 7, "student_name": "Abdul Ahad", "school": "The Generation Pre Cadet School", "student_class": "5", "monthly_fee": "1000.00", "month": "Dec-2024", "total_fee": "1000.00", "paid_amount": "1000.00", "balance_due": "0.00", "payment_date": "2024-12-15", "status": "Pending"}}, {"model": "students.fee", "pk": 8, "fields": {"student_id": 8, "student_name": "Ayan Nabi", "school": "The Generation Pre Cadet School", "student_class": "4", "monthly_fee": "1000.00", "month": "Dec-2024", "total_fee": "1000.00", "paid_amount": "1000.00", "balance_due": "0.00", "payment_date": "2024-12-15", "status": "Pending"}}, {"model": "students.fee", "pk": 9, "fields": {"student_id": 9, "student_name": "Dua Samsoon", "school": "The Generation Pre Cadet School", "student_class": "5", "monthly_fee": "1000.00", "month": "Dec-2024", "total_fee": "1000.00", "paid_amount": "1000.00", "balance_due": "0.00", "payment_date": "2024-12-15", "status": "Pending"}}, {"model": "students.fee", "pk": 10, "fields": {"student_id": 10, "student_name": "Sawera Rajpoot", "school": "The Generation Pre Cadet School", "student_class": "6", "monthly_fee": "1000.00", "month": "Dec-2024", "total_fee": "1000.00", "paid_amount": "1000.00", "balance_due": "0.00", "payment_date": "2024-12-15", "status": "Pending"}}, {"model": "students.fee", "pk": 11, "fields": {"student_id": 11, "student_name": "Abiha Mansoor", "school": "The Generation Pre Cadet School", "student_class": "6", "monthly_fee": "1000.00", "month": "Dec-2024", "total_fee": "1000.00", "paid_amount": "1000.00", "balance_due": "0.00", "payment_date": "2024-12-15", "status": "Pending"}}, {"model": "students.fee", "pk": 12, "fields": {"student_id": 12, "student_name": "Aena Noor", "school": "The Creative School", "student_class": "5", "monthly_fee": "1000.00", "month": "Dec-2024", "total_fee": "1000.00", "paid_amount": "1000.00", "balance_due": "0.00", "payment_date": "2024-12-15", "status": "Pending"}}, {"model": "students.fee", "pk": 13, "fields": {"student_id": 13, "student_name": "Haider Ali", "school": "The Creative School", "student_class": "1", "monthly_fee": "1000.00", "month": "Dec-2024", "total_fee": "1000.00", "paid_amount": "1000.00", "balance_due": "0.00", "payment_date": "2024-12-15", "status": "Paid"}}, {"model": "students.fee", "pk": 14, "fields": {"student_id": 14, "student_name": "Shawaiz", "school": "The Creative School", "student_class": "1", "monthly_fee": "500.00", "month": "Dec-2024", "total_fee": "500.00", "paid_amount": "0.00", "balance_due": "500.00", "payment_date": "2024-12-15", "status": "Pending"}}, {"model": "students.fee", "pk": 15, "fields": {"student_id": 15, "student_name": "Muhammad Shahbaz Ali", "school": "The Creative School", "student_class": "2", "monthly_fee": "1000.00", "month": "Dec-2024", "total_fee": "1000.00", "paid_amount": "0.00", "balance_due": "1000.00", "payment_date": "2024-12-15", "status": "Pending"}}, {"model": "students.fee", "pk": 16, "fields": {"student_id": 16, "student_name": "Hooria Waqas", "school": "The Creative School", "student_class": "1", "monthly_fee": "1000.00", "month": "Dec-2024", "total_fee": "1000.00", "paid_amount": "1000.00", "balance_due": "0.00", "payment_date": "2024-12-15", "status": "Pending"}}, {"model": "students.fee", "pk": 17, "fields": {"student_id": 17, "student_name": "Abdul Momin Butt", "school": "The Creative School", "student_class": "5", "monthly_fee": "1000.00", "month": "Dec-2024", "total_fee": "1000.00", "paid_amount": "1000.00", "balance_due": "0.00", "payment_date": "2024-12-15", "status": "Pending"}}, {"model": "students.fee", "pk": 18, "fields": {"student_id": 18, "student_name": "Mubarak", "school": "The Creative School", "student_class": "1", "monthly_fee": "0.00", "month": "Dec-2024", "total_fee": "0.00", "paid_amount": "0.00", "balance_due": "0.00", "payment_date": "2024-12-15", "status": "Pending"}}, {"model": "students.fee", "pk": 19, "fields": {"student_id": 19, "student_name": "Ibad Rehan", "school": "The Creative School", "student_class": "1", "monthly_fee": "0.00", "month": "Dec-2024", "total_fee": "0.00", "paid_amount": "0.00", "balance_due": "0.00", "payment_date": "2024-12-15", "status": "Pending"}}, {"model": "students.fee", "pk": 20, "fields": {"student_id": 20, "student_name": "Abdullah Abbasi", "school": "The Creative School", "student_class": "1", "monthly_fee": "0.00", "month": "Dec-2024", "total_fee": "0.00", "paid_amount": "0.00", "balance_due": "0.00", "payment_date": "2024-12-15", "status": "Pending"}}, {"model": "students.fee", "pk": 21, "fields": {"student_id": 21, "student_name": "Tuba Mehak", "school": "The Creative School", "student_class": "1", "monthly_fee": "0.00", "month": "Dec-2024", "total_fee": "0.00", "paid_amount": "0.00", "balance_due": "0.00", "payment_date": "2024-12-15", "status": "Pending"}}, {"model": "students.fee", "pk": 22, "fields": {"student_id": 22, "student_name": "Asad Ali", "school": "The Creative School", "student_class": "2", "monthly_fee": "0.00", "month": "Dec-2024", "total_fee": "0.00", "paid_amount": "0.00", "balance_due": "0.00", "payment_date": "2024-12-15", "status": "Pending"}}, {"model": "students.fee", "pk": 23, "fields": {"student_id": 23, "student_name": "Muhammad Khizar Khan", "school": "The Creative School", "student_class": "2", "monthly_fee": "0.00", "month": "Dec-2024", "total_fee": "0.00", "paid_amount": "0.00", "balance_due": "0.00", "payment_date": "2024-12-15", "status": "Pending"}}, {"model": "students.fee", "pk": 24, "fields": {"student_id": 24, "student_name": "Muhammad Azan Khan", "school": "The Creative School", "student_class": "2", "monthly_fee": "0.00", "month": "Dec-2024", "total_fee": "0.00", "paid_amount": "0.00", "balance_due": "0.00", "payment_date": "2024-12-15", "status": "Pending"}}, {"model": "students.fee", "pk": 25, "fields": {"student_id": 25, "student_name": "Saqlain Abdul Malik", "school": "The Creative School", "student_class": "2", "monthly_fee": "0.00", "month": "Dec-2024", "total_fee": "0.00", "paid_amount": "0.00", "balance_due": "0.00", "payment_date": "2024-12-15", "status": "Pending"}}, {"model": "students.fee", "pk": 26, "fields": {"student_id": 26, "student_name": "Midha", "school": "The Creative School", "student_class": "2", "monthly_fee": "0.00", "month": "Dec-2024", "total_fee": "0.00", "paid_amount": "0.00", "balance_due": "0.00", "payment_date": "2024-12-15", "status": "Pending"}}, {"model": "students.fee", "pk": 27, "fields": {"student_id": 27, "student_name": "Hasnain Abdul Malik", "school": "The Creative School", "student_class": "3", "monthly_fee": "0.00", "month": "Dec-2024", "total_fee": "0.00", "paid_amount": "0.00", "balance_due": "0.00", "payment_date": "2024-12-15", "status": "Pending"}}, {"model": "students.fee", "pk": 28, "fields": {"student_id": 28, "student_name": "Fatima Rehan", "school": "The Creative School", "student_class": "3", "monthly_fee": "0.00", "month": "Dec-2024", "total_fee": "0.00", "paid_amount": "0.00", "balance_due": "0.00", "payment_date": "2024-12-15", "status": "Pending"}}, {"model": "students.fee", "pk": 29, "fields": {"student_id": 29, "student_name": "Sumbal Ali", "school": "The Creative School", "student_class": "4", "monthly_fee": "0.00", "month": "Dec-2024", "total_fee": "0.00", "paid_amount": "0.00", "balance_due": "0.00", "payment_date": "2024-12-15", "status": "Pending"}}, {"model": "students.fee", "pk": 30, "fields": {"student_id": 30, "student_name": "Muhammad Ibrahim Rehan", "school": "The Creative School", "student_class": "4", "monthly_fee": "0.00", "month": "Dec-2024", "total_fee": "0.00", "paid_amount": "0.00", "balance_due": "0.00", "payment_date": "2024-12-15", "status": "Pending"}}, {"model": "students.fee", "pk": 31, "fields": {"student_id": 31, "student_name": "Hina Hassan", "school": "The Creative School", "student_class": "5", "monthly_fee": "0.00", "month": "Dec-2024", "total_fee": "0.00", "paid_amount": "0.00", "balance_due": "0.00", "payment_date": "2024-12-15", "status": "Pending"}}, {"model": "students.fee", "pk": 32, "fields": {"student_id": 32, "student_name": "Muskan Arshad", "school": "The Creative School", "student_class": "5", "monthly_fee": "0.00", "month": "Dec-2024", "total_fee": "0.00", "paid_amount": "0.00", "balance_due": "0.00", "payment_date": "2024-12-15", "status": "Pending"}}, {"model": "students.fee", "pk": 33, "fields": {"student_id": 33, "student_name": "Sayed Ashar Hussnain", "school": "The Generation Pre Cadet School", "student_class": "1", "monthly_fee": "1000.00", "month": "Dec-2024", "total_fee": "1000.00", "paid_amount": "1000.00", "balance_due": "0.00", "payment_date": "2024-12-15", "status": "Paid"}}, {"model": "students.fee", "pk": 34, "fields": {"student_id": 34, "student_name": "Uswa Yasir Abbasi", "school": "The Generation Pre Cadet School", "student_class": "4", "monthly_fee": "1000.00", "month": "Dec-2024", "total_fee": "1000.00", "paid_amount": "1000.00", "balance_due": "0.00", "payment_date": "2024-12-15", "status": "Pending"}}, {"model": "students.fee", "pk": 35, "fields": {"student_id": 35, "student_name": "Syed Ahmed Zawar", "school": "The Generation Pre Cadet School", "student_class": "6", "monthly_fee": "1000.00", "month": "Dec-2024", "total_fee": "1000.00", "paid_amount": "1000.00", "balance_due": "0.00", "payment_date": "2024-12-15", "status": "Pending"}}, {"model": "students.fee", "pk": 36, "fields": {"student_id": 36, "student_name": "Huzaifa Javed", "school": "The Generation Pre Cadet School", "student_class": "6", "monthly_fee": "1000.00", "month": "Dec-2024", "total_fee": "1000.00", "paid_amount": "0.00", "balance_due": "1000.00", "payment_date": "2024-12-15", "status": "Pending"}}, {"model": "students.fee", "pk": 37, "fields": {"student_id": 37, "student_name": "Abdul Samad", "school": "The Generation Pre Cadet School", "student_class": "4", "monthly_fee": "1000.00", "month": "Dec-2024", "total_fee": "1000.00", "paid_amount": "1000.00", "balance_due": "0.00", "payment_date": "2024-12-15", "status": "Pending"}}, {"model": "students.fee", "pk": 38, "fields": {"student_id": 38, "student_name": "Ayat Hayat", "school": "The Generation Pre Cadet School", "student_class": "3", "monthly_fee": "1000.00", "month": "Dec-2024", "total_fee": "1000.00", "paid_amount": "1000.00", "balance_due": "0.00", "payment_date": "2024-12-15", "status": "Pending"}}, {"model": "students.fee", "pk": 39, "fields": {"student_id": 39, "student_name": "Dua Adnan", "school": "The Generation Pre Cadet School", "student_class": "3", "monthly_fee": "1000.00", "month": "Dec-2024", "total_fee": "1000.00", "paid_amount": "1000.00", "balance_due": "0.00", "payment_date": "2024-12-15", "status": "Pending"}}, {"model": "students.fee", "pk": 40, "fields": {"student_id": 40, "student_name": "Ruhan Salman", "school": "The Generation Pre Cadet School", "student_class": "1", "monthly_fee": "1000.00", "month": "Dec-2024", "total_fee": "1000.00", "paid_amount": "1000.00", "balance_due": "0.00", "payment_date": "2024-12-15", "status": "Paid"}}, {"model": "students.fee", "pk": 41, "fields": {"student_id": 41, "student_name": "Khalifa Asif", "school": "The Generation Pre Cadet School", "student_class": "1", "monthly_fee": "1000.00", "month": "Dec-2024", "total_fee": "1000.00", "paid_amount": "1000.00", "balance_due": "0.00", "payment_date": "2024-12-15", "status": "Paid"}}, {"model": "students.fee", "pk": 42, "fields": {"student_id": 42, "student_name": "Dania Adnan", "school": "The Generation Pre Cadet School", "student_class": "1", "monthly_fee": "1000.00", "month": "Dec-2024", "total_fee": "1000.00", "paid_amount": "1000.00", "balance_due": "0.00", "payment_date": "2024-12-15", "status": "Paid"}}, {"model": "students.fee", "pk": 43, "fields": {"student_id": 43, "student_name": "Abdullah Aziz", "school": "The Generation Pre Cadet School", "student_class": "2", "monthly_fee": "1000.00", "month": "Dec-2024", "total_fee": "1000.00", "paid_amount": "1000.00", "balance_due": "0.00", "payment_date": "2024-12-15", "status": "Pending"}}, {"model": "students.fee", "pk": 44, "fields": {"student_id": 44, "student_name": "Umer Ali", "school": "The Generation Pre Cadet School", "student_class": "6", "monthly_fee": "1000.00", "month": "Dec-2024", "total_fee": "1000.00", "paid_amount": "1000.00", "balance_due": "0.00", "payment_date": "2024-12-15", "status": "Pending"}}, {"model": "students.fee", "pk": 45, "fields": {"student_id": 45, "student_name": "Sajal Faisal", "school": "The Generation Pre Cadet School", "student_class": "1", "monthly_fee": "1000.00", "month": "Dec-2024", "total_fee": "1000.00", "paid_amount": "1000.00", "balance_due": "0.00", "payment_date": "2024-12-15", "status": "Paid"}}, {"model": "students.fee", "pk": 46, "fields": {"student_id": 46, "student_name": "Ibaad Faisal", "school": "The Generation Pre Cadet School", "student_class": "3", "monthly_fee": "1000.00", "month": "Dec-2024", "total_fee": "1000.00", "paid_amount": "1000.00", "balance_due": "0.00", "payment_date": "2024-12-15", "status": "Pending"}}, {"model": "students.fee", "pk": 47, "fields": {"student_id": 47, "student_name": "Alizay Jannat", "school": "The Generation Pre Cadet School", "student_class": "1", "monthly_fee": "1000.00", "month": "Dec-2024", "total_fee": "1000.00", "paid_amount": "1000.00", "balance_due": "0.00", "payment_date": "2024-12-15", "status": "Paid"}}, {"model": "students.fee", "pk": 48, "fields": {"student_id": 48, "student_name": "Emaan Fatima", "school": "The Generation Pre Cadet School", "student_class": "4", "monthly_fee": "1000.00", "month": "Dec-2024", "total_fee": "1000.00", "paid_amount": "1000.00", "balance_due": "0.00", "payment_date": "2024-12-15", "status": "Pending"}}, {"model": "students.fee", "pk": 49, "fields": {"student_id": 49, "student_name": "Amna Tehreen", "school": "The Generation Pre Cadet School", "student_class": "7", "monthly_fee": "1000.00", "month": "Dec-2024", "total_fee": "2250.00", "paid_amount": "1000.00", "balance_due": "1250.00", "payment_date": "2024-12-15", "status": "Paid"}}, {"model": "students.fee", "pk": 50, "fields": {"student_id": 50, "student_name": "Amani Ismail", "school": "The Generation Pre Cadet School", "student_class": "2", "monthly_fee": "1000.00", "month": "Dec-2024", "total_fee": "1000.00", "paid_amount": "1000.00", "balance_due": "0.00", "payment_date": "2024-12-15", "status": "Pending"}}, {"model": "students.fee", "pk": 51, "fields": {"student_id": 51, "student_name": "Arfa Zahra", "school": "The Generation Pre Cadet School", "student_class": "3", "monthly_fee": "1000.00", "month": "Dec-2024", "total_fee": "1000.00", "paid_amount": "1000.00", "balance_due": "0.00", "payment_date": "2024-12-15", "status": "Pending"}}, {"model": "students.fee", "pk": 52, "fields": {"student_id": 52, "student_name": "Hifza Amir", "school": "The Generation Pre Cadet School", "student_class": "2", "monthly_fee": "1000.00", "month": "Dec-2024", "total_fee": "1000.00", "paid_amount": "1000.00", "balance_due": "0.00", "payment_date": "2024-12-15", "status": "Pending"}}, {"model": "students.fee", "pk": 53, "fields": {"student_id": 53, "student_name": "Warisha Amir", "school": "The Generation Pre Cadet School", "student_class": "7", "monthly_fee": "1000.00", "month": "Dec-2024", "total_fee": "1000.00", "paid_amount": "1000.00", "balance_due": "0.00", "payment_date": "2024-12-15", "status": "Paid"}}, {"model": "students.fee", "pk": 54, "fields": {"student_id": 54, "student_name": "Joail Emmanuel", "school": "The Generation Pre Cadet School", "student_class": "6", "monthly_fee": "1000.00", "month": "Dec-2024", "total_fee": "1000.00", "paid_amount": "1000.00", "balance_due": "0.00", "payment_date": "2024-12-15", "status": "Pending"}}, {"model": "students.fee", "pk": 55, "fields": {"student_id": 55, "student_name": "Joycee Emmanuel", "school": "The Generation Pre Cadet School", "student_class": "4", "monthly_fee": "1000.00", "month": "Dec-2024", "total_fee": "1000.00", "paid_amount": "1000.00", "balance_due": "0.00", "payment_date": "2024-12-15", "status": "Pending"}}, {"model": "students.fee", "pk": 56, "fields": {"student_id": 56, "student_name": "Haim Ali", "school": "The Generation Pre Cadet School", "student_class": "1", "monthly_fee": "1000.00", "month": "Dec-2024", "total_fee": "1000.00", "paid_amount": "1000.00", "balance_due": "0.00", "payment_date": "2024-12-15", "status": "Paid"}}, {"model": "students.fee", "pk": 57, "fields": {"student_id": 57, "student_name": "Abdul Wasay Waseem", "school": "The Generation Pre Cadet School", "student_class": "4", "monthly_fee": "1000.00", "month": "Dec-2024", "total_fee": "1000.00", "paid_amount": "1000.00", "balance_due": "0.00", "payment_date": "2024-12-15", "status": "Pending"}}, {"model": "students.fee", "pk": 58, "fields": {"student_id": 58, "student_name": "Bilal Ahmed", "school": "The Generation Pre Cadet School", "student_class": "5", "monthly_fee": "1000.00", "month": "Dec-2024", "total_fee": "1000.00", "paid_amount": "1000.00", "balance_due": "0.00", "payment_date": "2024-12-15", "status": "Pending"}}, {"model": "students.fee", "pk": 59, "fields": {"student_id": 59, "student_name": "Muhammad Rohan", "school": "The Generation Pre Cadet School", "student_class": "1", "monthly_fee": "1000.00", "month": "Dec-2024", "total_fee": "1000.00", "paid_amount": "0.00", "balance_due": "1000.00", "payment_date": "2024-12-15", "status": "Paid"}}, {"model": "students.fee", "pk": 60, "fields": {"student_id": 60, "student_name": "Hassan Mehmood", "school": "The Creative School", "student_class": "3", "monthly_fee": "0.00", "month": "Dec-2024", "total_fee": "0.00", "paid_amount": "0.00", "balance_due": "0.00", "payment_date": "2024-12-15", "status": "Pending"}}, {"model": "students.fee", "pk": 61, "fields": {"student_id": 1, "student_name": "Faizan Irfan", "school": "The Generation Pre Cadet School", "student_class": "4", "monthly_fee": "1000.00", "month": "Jan-2025", "total_fee": "2000.00", "paid_amount": "0.00", "balance_due": "2000.00", "payment_date": "2025-01-15", "status": "Pending"}}, {"model": "students.fee", "pk": 62, "fields": {"student_id": 2, "student_name": "Syed Hadi Asif", "school": "The Generation Pre Cadet School", "student_class": "3", "monthly_fee": "1000.00", "month": "Jan-2025", "total_fee": "2000.00", "paid_amount": "0.00", "balance_due": "2000.00", "payment_date": "2025-01-15", "status": "Pending"}}, {"model": "students.fee", "pk": 63, "fields": {"student_id": 3, "student_name": "Zeeshan Irfan", "school": "The Generation Pre Cadet School", "student_class": "6", "monthly_fee": "1000.00", "month": "Jan-2025", "total_fee": "2000.00", "paid_amount": "0.00", "balance_due": "2000.00", "payment_date": "2025-01-15", "status": "Pending"}}, {"model": "students.fee", "pk": 64, "fields": {"student_id": 4, "student_name": "Rouhan Niaz", "school": "The Generation Pre Cadet School", "student_class": "6", "monthly_fee": "1000.00", "month": "Jan-2025", "total_fee": "2000.00", "paid_amount": "0.00", "balance_due": "2000.00", "payment_date": "2025-01-15", "status": "Pending"}}, {"model": "students.fee", "pk": 65, "fields": {"student_id": 5, "student_name": "Muhammad Arhum Irfan", "school": "The Generation Pre Cadet School", "student_class": "1", "monthly_fee": "1000.00", "month": "Jan-2025", "total_fee": "2000.00", "paid_amount": "0.00", "balance_due": "2000.00", "payment_date": "2025-01-15", "status": "Pending"}}, {"model": "students.fee", "pk": 66, "fields": {"student_id": 6, "student_name": "Muhammad Ahmed Irfan", "school": "The Generation Pre Cadet School", "student_class": "3", "monthly_fee": "1000.00", "month": "Jan-2025", "total_fee": "2000.00", "paid_amount": "0.00", "balance_due": "2000.00", "payment_date": "2025-01-15", "status": "Pending"}}, {"model": "students.fee", "pk": 67, "fields": {"student_id": 7, "student_name": "Abdul Ahad", "school": "The Generation Pre Cadet School", "student_class": "5", "monthly_fee": "1000.00", "month": "Jan-2025", "total_fee": "2000.00", "paid_amount": "0.00", "balance_due": "2000.00", "payment_date": "2025-01-15", "status": "Pending"}}, {"model": "students.fee", "pk": 68, "fields": {"student_id": 8, "student_name": "Ayan Nabi", "school": "The Generation Pre Cadet School", "student_class": "4", "monthly_fee": "1000.00", "month": "Jan-2025", "total_fee": "2000.00", "paid_amount": "0.00", "balance_due": "2000.00", "payment_date": "2025-01-15", "status": "Pending"}}, {"model": "students.fee", "pk": 69, "fields": {"student_id": 9, "student_name": "Dua Samsoon", "school": "The Generation Pre Cadet School", "student_class": "5", "monthly_fee": "1000.00", "month": "Jan-2025", "total_fee": "2000.00", "paid_amount": "0.00", "balance_due": "2000.00", "payment_date": "2025-01-15", "status": "Pending"}}, {"model": "students.fee", "pk": 70, "fields": {"student_id": 10, "student_name": "Sawera Rajpoot", "school": "The Generation Pre Cadet School", "student_class": "6", "monthly_fee": "1000.00", "month": "Jan-2025", "total_fee": "2000.00", "paid_amount": "0.00", "balance_due": "2000.00", "payment_date": "2025-01-15", "status": "Pending"}}, {"model": "students.fee", "pk": 71, "fields": {"student_id": 11, "student_name": "Abiha Mansoor", "school": "The Generation Pre Cadet School", "student_class": "6", "monthly_fee": "1000.00", "month": "Jan-2025", "total_fee": "2000.00", "paid_amount": "0.00", "balance_due": "2000.00", "payment_date": "2025-01-15", "status": "Pending"}}, {"model": "students.fee", "pk": 72, "fields": {"student_id": 12, "student_name": "Aena Noor", "school": "The Creative School", "student_class": "5", "monthly_fee": "1000.00", "month": "Jan-2025", "total_fee": "2000.00", "paid_amount": "1000.00", "balance_due": "1000.00", "payment_date": "2025-01-15", "status": "Paid"}}, {"model": "students.fee", "pk": 73, "fields": {"student_id": 13, "student_name": "Haider Ali", "school": "The Creative School", "student_class": "1", "monthly_fee": "1000.00", "month": "Jan-2025", "total_fee": "1000.00", "paid_amount": "1000.00", "balance_due": "0.00", "payment_date": "2025-01-15", "status": "Paid"}}, {"model": "students.fee", "pk": 74, "fields": {"student_id": 14, "student_name": "Shawaiz", "school": "The Creative School", "student_class": "1", "monthly_fee": "500.00", "month": "Jan-2025", "total_fee": "1000.00", "paid_amount": "500.00", "balance_due": "500.00", "payment_date": "2025-01-15", "status": "Paid"}}, {"model": "students.fee", "pk": 75, "fields": {"student_id": 15, "student_name": "Muhammad Shahbaz Ali", "school": "The Creative School", "student_class": "2", "monthly_fee": "1000.00", "month": "Jan-2025", "total_fee": "2000.00", "paid_amount": "1000.00", "balance_due": "1000.00", "payment_date": "2025-01-15", "status": "Paid"}}, {"model": "students.fee", "pk": 76, "fields": {"student_id": 16, "student_name": "Hooria Waqas", "school": "The Creative School", "student_class": "1", "monthly_fee": "1000.00", "month": "Jan-2025", "total_fee": "2000.00", "paid_amount": "1000.00", "balance_due": "1000.00", "payment_date": "2025-01-15", "status": "Paid"}}, {"model": "students.fee", "pk": 77, "fields": {"student_id": 17, "student_name": "Abdul Momin Butt", "school": "The Creative School", "student_class": "5", "monthly_fee": "1000.00", "month": "Jan-2025", "total_fee": "2000.00", "paid_amount": "1000.00", "balance_due": "1000.00", "payment_date": "2025-01-15", "status": "Paid"}}, {"model": "students.fee", "pk": 78, "fields": {"student_id": 18, "student_name": "Mubarak", "school": "The Creative School", "student_class": "1", "monthly_fee": "0.00", "month": "Jan-2025", "total_fee": "0.00", "paid_amount": "0.00", "balance_due": "0.00", "payment_date": "2025-01-15", "status": "Pending"}}, {"model": "students.fee", "pk": 79, "fields": {"student_id": 19, "student_name": "Ibad Rehan", "school": "The Creative School", "student_class": "1", "monthly_fee": "0.00", "month": "Jan-2025", "total_fee": "0.00", "paid_amount": "0.00", "balance_due": "0.00", "payment_date": "2025-01-15", "status": "Pending"}}, {"model": "students.fee", "pk": 80, "fields": {"student_id": 20, "student_name": "Abdullah Abbasi", "school": "The Creative School", "student_class": "1", "monthly_fee": "0.00", "month": "Jan-2025", "total_fee": "0.00", "paid_amount": "0.00", "balance_due": "0.00", "payment_date": "2025-01-15", "status": "Pending"}}, {"model": "students.fee", "pk": 81, "fields": {"student_id": 21, "student_name": "Tuba Mehak", "school": "The Creative School", "student_class": "1", "monthly_fee": "0.00", "month": "Jan-2025", "total_fee": "0.00", "paid_amount": "0.00", "balance_due": "0.00", "payment_date": "2025-01-15", "status": "Pending"}}, {"model": "students.fee", "pk": 82, "fields": {"student_id": 22, "student_name": "Asad Ali", "school": "The Creative School", "student_class": "2", "monthly_fee": "0.00", "month": "Jan-2025", "total_fee": "0.00", "paid_amount": "0.00", "balance_due": "0.00", "payment_date": "2025-01-15", "status": "Pending"}}, {"model": "students.fee", "pk": 83, "fields": {"student_id": 23, "student_name": "Muhammad Khizar Khan", "school": "The Creative School", "student_class": "2", "monthly_fee": "0.00", "month": "Jan-2025", "total_fee": "0.00", "paid_amount": "0.00", "balance_due": "0.00", "payment_date": "2025-01-15", "status": "Pending"}}, {"model": "students.fee", "pk": 84, "fields": {"student_id": 24, "student_name": "Muhammad Azan Khan", "school": "The Creative School", "student_class": "2", "monthly_fee": "0.00", "month": "Jan-2025", "total_fee": "0.00", "paid_amount": "0.00", "balance_due": "0.00", "payment_date": "2025-01-15", "status": "Pending"}}, {"model": "students.fee", "pk": 85, "fields": {"student_id": 25, "student_name": "Saqlain Abdul Malik", "school": "The Creative School", "student_class": "2", "monthly_fee": "0.00", "month": "Jan-2025", "total_fee": "0.00", "paid_amount": "0.00", "balance_due": "0.00", "payment_date": "2025-01-15", "status": "Pending"}}, {"model": "students.fee", "pk": 86, "fields": {"student_id": 26, "student_name": "Midha", "school": "The Creative School", "student_class": "2", "monthly_fee": "0.00", "month": "Jan-2025", "total_fee": "0.00", "paid_amount": "0.00", "balance_due": "0.00", "payment_date": "2025-01-15", "status": "Pending"}}, {"model": "students.fee", "pk": 87, "fields": {"student_id": 27, "student_name": "Hasnain Abdul Malik", "school": "The Creative School", "student_class": "3", "monthly_fee": "0.00", "month": "Jan-2025", "total_fee": "0.00", "paid_amount": "0.00", "balance_due": "0.00", "payment_date": "2025-01-15", "status": "Pending"}}, {"model": "students.fee", "pk": 88, "fields": {"student_id": 28, "student_name": "Fatima Rehan", "school": "The Creative School", "student_class": "3", "monthly_fee": "0.00", "month": "Jan-2025", "total_fee": "0.00", "paid_amount": "0.00", "balance_due": "0.00", "payment_date": "2025-01-15", "status": "Pending"}}, {"model": "students.fee", "pk": 89, "fields": {"student_id": 29, "student_name": "Sumbal Ali", "school": "The Creative School", "student_class": "4", "monthly_fee": "0.00", "month": "Jan-2025", "total_fee": "0.00", "paid_amount": "0.00", "balance_due": "0.00", "payment_date": "2025-01-15", "status": "Paid"}}, {"model": "students.fee", "pk": 90, "fields": {"student_id": 30, "student_name": "Muhammad Ibrahim Rehan", "school": "The Creative School", "student_class": "4", "monthly_fee": "0.00", "month": "Jan-2025", "total_fee": "0.00", "paid_amount": "0.00", "balance_due": "0.00", "payment_date": "2025-01-15", "status": "Paid"}}, {"model": "students.fee", "pk": 91, "fields": {"student_id": 31, "student_name": "Hina Hassan", "school": "The Creative School", "student_class": "5", "monthly_fee": "0.00", "month": "Jan-2025", "total_fee": "0.00", "paid_amount": "0.00", "balance_due": "0.00", "payment_date": "2025-01-15", "status": "Pending"}}, {"model": "students.fee", "pk": 92, "fields": {"student_id": 32, "student_name": "Muskan Arshad", "school": "The Creative School", "student_class": "5", "monthly_fee": "0.00", "month": "Jan-2025", "total_fee": "0.00", "paid_amount": "0.00", "balance_due": "0.00", "payment_date": "2025-01-15", "status": "Pending"}}, {"model": "students.fee", "pk": 93, "fields": {"student_id": 33, "student_name": "Sayed Ashar Hussnain", "school": "The Generation Pre Cadet School", "student_class": "1", "monthly_fee": "1000.00", "month": "Jan-2025", "total_fee": "2000.00", "paid_amount": "0.00", "balance_due": "2000.00", "payment_date": "2025-01-15", "status": "Pending"}}, {"model": "students.fee", "pk": 94, "fields": {"student_id": 34, "student_name": "Uswa Yasir Abbasi", "school": "The Generation Pre Cadet School", "student_class": "4", "monthly_fee": "1000.00", "month": "Jan-2025", "total_fee": "2000.00", "paid_amount": "0.00", "balance_due": "2000.00", "payment_date": "2025-01-15", "status": "Pending"}}, {"model": "students.fee", "pk": 95, "fields": {"student_id": 35, "student_name": "Syed Ahmed Zawar", "school": "The Generation Pre Cadet School", "student_class": "6", "monthly_fee": "1000.00", "month": "Jan-2025", "total_fee": "2000.00", "paid_amount": "0.00", "balance_due": "2000.00", "payment_date": "2025-01-15", "status": "Pending"}}, {"model": "students.fee", "pk": 96, "fields": {"student_id": 36, "student_name": "Huzaifa Javed", "school": "The Generation Pre Cadet School", "student_class": "6", "monthly_fee": "1000.00", "month": "Jan-2025", "total_fee": "2000.00", "paid_amount": "0.00", "balance_due": "2000.00", "payment_date": "2025-01-15", "status": "Pending"}}, {"model": "students.fee", "pk": 97, "fields": {"student_id": 37, "student_name": "Abdul Samad", "school": "The Generation Pre Cadet School", "student_class": "4", "monthly_fee": "1000.00", "month": "Jan-2025", "total_fee": "2000.00", "paid_amount": "0.00", "balance_due": "2000.00", "payment_date": "2025-01-15", "status": "Pending"}}, {"model": "students.fee", "pk": 98, "fields": {"student_id": 38, "student_name": "Ayat Hayat", "school": "The Generation Pre Cadet School", "student_class": "3", "monthly_fee": "1000.00", "month": "Jan-2025", "total_fee": "2000.00", "paid_amount": "0.00", "balance_due": "2000.00", "payment_date": "2025-01-15", "status": "Pending"}}, {"model": "students.fee", "pk": 99, "fields": {"student_id": 39, "student_name": "Dua Adnan", "school": "The Generation Pre Cadet School", "student_class": "3", "monthly_fee": "1000.00", "month": "Jan-2025", "total_fee": "2000.00", "paid_amount": "0.00", "balance_due": "2000.00", "payment_date": "2025-01-15", "status": "Pending"}}, {"model": "students.fee", "pk": 100, "fields": {"student_id": 40, "student_name": "Ruhan Salman", "school": "The Generation Pre Cadet School", "student_class": "1", "monthly_fee": "1000.00", "month": "Jan-2025", "total_fee": "2000.00", "paid_amount": "0.00", "balance_due": "2000.00", "payment_date": "2025-01-15", "status": "Pending"}}, {"model": "students.fee", "pk": 101, "fields": {"student_id": 41, "student_name": "Khalifa Asif", "school": "The Generation Pre Cadet School", "student_class": "1", "monthly_fee": "1000.00", "month": "Jan-2025", "total_fee": "2000.00", "paid_amount": "0.00", "balance_due": "2000.00", "payment_date": "2025-01-15", "status": "Pending"}}, {"model": "students.fee", "pk": 102, "fields": {"student_id": 42, "student_name": "Dania Adnan", "school": "The Generation Pre Cadet School", "student_class": "1", "monthly_fee": "1000.00", "month": "Jan-2025", "total_fee": "2000.00", "paid_amount": "0.00", "balance_due": "2000.00", "payment_date": "2025-01-15", "status": "Pending"}}, {"model": "students.fee", "pk": 103, "fields": {"student_id": 43, "student_name": "Abdullah Aziz", "school": "The Generation Pre Cadet School", "student_class": "2", "monthly_fee": "1000.00", "month": "Jan-2025", "total_fee": "2000.00", "paid_amount": "0.00", "balance_due": "2000.00", "payment_date": "2025-01-15", "status": "Pending"}}, {"model": "students.fee", "pk": 104, "fields": {"student_id": 44, "student_name": "Umer Ali", "school": "The Generation Pre Cadet School", "student_class": "6", "monthly_fee": "1000.00", "month": "Jan-2025", "total_fee": "2000.00", "paid_amount": "0.00", "balance_due": "2000.00", "payment_date": "2025-01-15", "status": "Pending"}}, {"model": "students.fee", "pk": 105, "fields": {"student_id": 45, "student_name": "Sajal Faisal", "school": "The Generation Pre Cadet School", "student_class": "1", "monthly_fee": "1000.00", "month": "Jan-2025", "total_fee": "2000.00", "paid_amount": "0.00", "balance_due": "2000.00", "payment_date": "2025-01-15", "status": "Pending"}}, {"model": "students.fee", "pk": 106, "fields": {"student_id": 46, "student_name": "Ibaad Faisal", "school": "The Generation Pre Cadet School", "student_class": "3", "monthly_fee": "1000.00", "month": "Jan-2025", "total_fee": "2000.00", "paid_amount": "0.00", "balance_due": "2000.00", "payment_date": "2025-01-15", "status": "Pending"}}, {"model": "students.fee", "pk": 107, "fields": {"student_id": 47, "student_name": "Alizay Jannat", "school": "The Generation Pre Cadet School", "student_class": "1", "monthly_fee": "1000.00", "month": "Jan-2025", "total_fee": "2000.00", "paid_amount": "0.00", "balance_due": "2000.00", "payment_date": "2025-01-15", "status": "Paid"}}, {"model": "students.fee", "pk": 108, "fields": {"student_id": 48, "student_name": "Emaan Fatima", "school": "The Generation Pre Cadet School", "student_class": "4", "monthly_fee": "1000.00", "month": "Jan-2025", "total_fee": "2000.00", "paid_amount": "0.00", "balance_due": "2000.00", "payment_date": "2025-01-15", "status": "Pending"}}, {"model": "students.fee", "pk": 109, "fields": {"student_id": 49, "student_name": "Amna Tehreen", "school": "The Generation Pre Cadet School", "student_class": "7", "monthly_fee": "1000.00", "month": "Jan-2025", "total_fee": "2300.00", "paid_amount": "1000.00", "balance_due": "1300.00", "payment_date": "2025-01-15", "status": "Paid"}}, {"model": "students.fee", "pk": 110, "fields": {"student_id": 50, "student_name": "Amani Ismail", "school": "The Generation Pre Cadet School", "student_class": "2", "monthly_fee": "1000.00", "month": "Jan-2025", "total_fee": "2000.00", "paid_amount": "0.00", "balance_due": "2000.00", "payment_date": "2025-01-15", "status": "Pending"}}, {"model": "students.fee", "pk": 111, "fields": {"student_id": 51, "student_name": "Arfa Zahra", "school": "The Generation Pre Cadet School", "student_class": "3", "monthly_fee": "1000.00", "month": "Jan-2025", "total_fee": "2000.00", "paid_amount": "0.00", "balance_due": "2000.00", "payment_date": "2025-01-15", "status": "Pending"}}, {"model": "students.fee", "pk": 112, "fields": {"student_id": 52, "student_name": "Hifza Amir", "school": "The Generation Pre Cadet School", "student_class": "2", "monthly_fee": "1000.00", "month": "Jan-2025", "total_fee": "2000.00", "paid_amount": "0.00", "balance_due": "2000.00", "payment_date": "2025-01-15", "status": "Pending"}}, {"model": "students.fee", "pk": 113, "fields": {"student_id": 53, "student_name": "Warisha Amir", "school": "The Generation Pre Cadet School", "student_class": "7", "monthly_fee": "1000.00", "month": "Jan-2025", "total_fee": "2000.00", "paid_amount": "0.00", "balance_due": "2000.00", "payment_date": "2025-01-15", "status": "Paid"}}, {"model": "students.fee", "pk": 114, "fields": {"student_id": 54, "student_name": "Joail Emmanuel", "school": "The Generation Pre Cadet School", "student_class": "6", "monthly_fee": "1000.00", "month": "Jan-2025", "total_fee": "2000.00", "paid_amount": "0.00", "balance_due": "2000.00", "payment_date": "2025-01-15", "status": "Pending"}}, {"model": "students.fee", "pk": 116, "fields": {"student_id": 56, "student_name": "Haim Ali", "school": "The Generation Pre Cadet School", "student_class": "1", "monthly_fee": "1000.00", "month": "Jan-2025", "total_fee": "2000.00", "paid_amount": "0.00", "balance_due": "2000.00", "payment_date": "2025-01-15", "status": "Paid"}}, {"model": "students.fee", "pk": 117, "fields": {"student_id": 57, "student_name": "Abdul Wasay Waseem", "school": "The Generation Pre Cadet School", "student_class": "4", "monthly_fee": "1000.00", "month": "Jan-2025", "total_fee": "2000.00", "paid_amount": "0.00", "balance_due": "2000.00", "payment_date": "2025-01-15", "status": "Pending"}}, {"model": "students.fee", "pk": 118, "fields": {"student_id": 58, "student_name": "Bilal Ahmed", "school": "The Generation Pre Cadet School", "student_class": "5", "monthly_fee": "1000.00", "month": "Jan-2025", "total_fee": "2000.00", "paid_amount": "0.00", "balance_due": "2000.00", "payment_date": "2025-01-15", "status": "Pending"}}, {"model": "students.fee", "pk": 119, "fields": {"student_id": 59, "student_name": "Muhammad Rohan", "school": "The Generation Pre Cadet School", "student_class": "1", "monthly_fee": "1000.00", "month": "Jan-2025", "total_fee": "2000.00", "paid_amount": "0.00", "balance_due": "2000.00", "payment_date": "2025-01-15", "status": "Pending"}}, {"model": "students.fee", "pk": 120, "fields": {"student_id": 60, "student_name": "Hassan Mehmood", "school": "The Creative School", "student_class": "3", "monthly_fee": "0.00", "month": "Jan-2025", "total_fee": "0.00", "paid_amount": "0.00", "balance_due": "0.00", "payment_date": "2025-01-15", "status": "Pending"}}, {"model": "students.fee", "pk": 121, "fields": {"student_id": 7, "student_name": "Abdul Ahad", "school": "The Generation Pre Cadet School", "student_class": "5", "monthly_fee": "1000.00", "month": "Feb-2025", "total_fee": "3000.00", "paid_amount": "0.00", "balance_due": "3000.00", "payment_date": "2025-02-15", "status": "Pending"}}, {"model": "students.fee", "pk": 122, "fields": {"student_id": 17, "student_name": "Abdul Momin Butt", "school": "The Creative School", "student_class": "5", "monthly_fee": "1000.00", "month": "Feb-2025", "total_fee": "2000.00", "paid_amount": "0.00", "balance_due": "2000.00", "payment_date": "2025-02-15", "status": "Pending"}}, {"model": "students.fee", "pk": 123, "fields": {"student_id": 37, "student_name": "Abdul Samad", "school": "The Generation Pre Cadet School", "student_class": "4", "monthly_fee": "1000.00", "month": "Feb-2025", "total_fee": "3000.00", "paid_amount": "0.00", "balance_due": "3000.00", "payment_date": "2025-02-15", "status": "Pending"}}, {"model": "students.fee", "pk": 124, "fields": {"student_id": 57, "student_name": "Abdul Wasay Waseem", "school": "The Generation Pre Cadet School", "student_class": "4", "monthly_fee": "1000.00", "month": "Feb-2025", "total_fee": "3000.00", "paid_amount": "0.00", "balance_due": "3000.00", "payment_date": "2025-02-15", "status": "Pending"}}, {"model": "students.fee", "pk": 125, "fields": {"student_id": 20, "student_name": "Abdullah Abbasi", "school": "The Creative School", "student_class": "1", "monthly_fee": "0.00", "month": "Feb-2025", "total_fee": "0.00", "paid_amount": "0.00", "balance_due": "0.00", "payment_date": "2025-02-15", "status": "Pending"}}, {"model": "students.fee", "pk": 126, "fields": {"student_id": 43, "student_name": "Abdullah Aziz", "school": "The Generation Pre Cadet School", "student_class": "2", "monthly_fee": "1000.00", "month": "Feb-2025", "total_fee": "3000.00", "paid_amount": "0.00", "balance_due": "3000.00", "payment_date": "2025-02-15", "status": "Pending"}}, {"model": "students.fee", "pk": 127, "fields": {"student_id": 11, "student_name": "Abiha Mansoor", "school": "The Generation Pre Cadet School", "student_class": "6", "monthly_fee": "1000.00", "month": "Feb-2025", "total_fee": "3000.00", "paid_amount": "0.00", "balance_due": "3000.00", "payment_date": "2025-02-15", "status": "Pending"}}, {"model": "students.fee", "pk": 128, "fields": {"student_id": 12, "student_name": "Aena Noor", "school": "The Creative School", "student_class": "5", "monthly_fee": "1000.00", "month": "Feb-2025", "total_fee": "2000.00", "paid_amount": "0.00", "balance_due": "2000.00", "payment_date": "2025-02-15", "status": "Pending"}}, {"model": "students.fee", "pk": 129, "fields": {"student_id": 47, "student_name": "Alizay Jannat", "school": "The Generation Pre Cadet School", "student_class": "1", "monthly_fee": "1000.00", "month": "Feb-2025", "total_fee": "3000.00", "paid_amount": "0.00", "balance_due": "3000.00", "payment_date": "2025-02-15", "status": "Pending"}}, {"model": "students.fee", "pk": 130, "fields": {"student_id": 50, "student_name": "Amani Ismail", "school": "The Generation Pre Cadet School", "student_class": "2", "monthly_fee": "1000.00", "month": "Feb-2025", "total_fee": "3000.00", "paid_amount": "0.00", "balance_due": "3000.00", "payment_date": "2025-02-15", "status": "Pending"}}, {"model": "students.fee", "pk": 131, "fields": {"student_id": 49, "student_name": "Amna Tehreen", "school": "The Generation Pre Cadet School", "student_class": "7", "monthly_fee": "1000.00", "month": "Feb-2025", "total_fee": "2300.00", "paid_amount": "0.00", "balance_due": "2300.00", "payment_date": "2025-02-15", "status": "Pending"}}, {"model": "students.fee", "pk": 132, "fields": {"student_id": 51, "student_name": "Arfa Zahra", "school": "The Generation Pre Cadet School", "student_class": "3", "monthly_fee": "1000.00", "month": "Feb-2025", "total_fee": "3000.00", "paid_amount": "0.00", "balance_due": "3000.00", "payment_date": "2025-02-15", "status": "Pending"}}, {"model": "students.fee", "pk": 133, "fields": {"student_id": 22, "student_name": "Asad Ali", "school": "The Creative School", "student_class": "2", "monthly_fee": "0.00", "month": "Feb-2025", "total_fee": "0.00", "paid_amount": "0.00", "balance_due": "0.00", "payment_date": "2025-02-15", "status": "Pending"}}, {"model": "students.fee", "pk": 134, "fields": {"student_id": 8, "student_name": "Ayan Nabi", "school": "The Generation Pre Cadet School", "student_class": "4", "monthly_fee": "1000.00", "month": "Feb-2025", "total_fee": "3000.00", "paid_amount": "0.00", "balance_due": "3000.00", "payment_date": "2025-02-15", "status": "Pending"}}, {"model": "students.fee", "pk": 135, "fields": {"student_id": 38, "student_name": "Ayat Hayat", "school": "The Generation Pre Cadet School", "student_class": "3", "monthly_fee": "1000.00", "month": "Feb-2025", "total_fee": "3000.00", "paid_amount": "0.00", "balance_due": "3000.00", "payment_date": "2025-02-15", "status": "Pending"}}, {"model": "students.fee", "pk": 136, "fields": {"student_id": 58, "student_name": "Bilal Ahmed", "school": "The Generation Pre Cadet School", "student_class": "5", "monthly_fee": "1000.00", "month": "Feb-2025", "total_fee": "3000.00", "paid_amount": "0.00", "balance_due": "3000.00", "payment_date": "2025-02-15", "status": "Pending"}}, {"model": "students.fee", "pk": 137, "fields": {"student_id": 42, "student_name": "Dania Adnan", "school": "The Generation Pre Cadet School", "student_class": "1", "monthly_fee": "1000.00", "month": "Feb-2025", "total_fee": "3000.00", "paid_amount": "0.00", "balance_due": "3000.00", "payment_date": "2025-02-15", "status": "Pending"}}, {"model": "students.fee", "pk": 138, "fields": {"student_id": 39, "student_name": "Dua Adnan", "school": "The Generation Pre Cadet School", "student_class": "3", "monthly_fee": "1000.00", "month": "Feb-2025", "total_fee": "3000.00", "paid_amount": "0.00", "balance_due": "3000.00", "payment_date": "2025-02-15", "status": "Pending"}}, {"model": "students.fee", "pk": 139, "fields": {"student_id": 9, "student_name": "Dua Samsoon", "school": "The Generation Pre Cadet School", "student_class": "5", "monthly_fee": "1000.00", "month": "Feb-2025", "total_fee": "3000.00", "paid_amount": "0.00", "balance_due": "3000.00", "payment_date": "2025-02-15", "status": "Pending"}}, {"model": "students.fee", "pk": 140, "fields": {"student_id": 48, "student_name": "Emaan Fatima", "school": "The Generation Pre Cadet School", "student_class": "4", "monthly_fee": "1000.00", "month": "Feb-2025", "total_fee": "3000.00", "paid_amount": "0.00", "balance_due": "3000.00", "payment_date": "2025-02-15", "status": "Pending"}}, {"model": "students.fee", "pk": 141, "fields": {"student_id": 1, "student_name": "Faizan Irfan", "school": "The Generation Pre Cadet School", "student_class": "4", "monthly_fee": "1000.00", "month": "Feb-2025", "total_fee": "3000.00", "paid_amount": "0.00", "balance_due": "3000.00", "payment_date": "2025-02-15", "status": "Pending"}}, {"model": "students.fee", "pk": 142, "fields": {"student_id": 28, "student_name": "Fatima Rehan", "school": "The Creative School", "student_class": "3", "monthly_fee": "0.00", "month": "Feb-2025", "total_fee": "0.00", "paid_amount": "0.00", "balance_due": "0.00", "payment_date": "2025-02-15", "status": "Pending"}}, {"model": "students.fee", "pk": 143, "fields": {"student_id": 13, "student_name": "Haider Ali", "school": "The Creative School", "student_class": "1", "monthly_fee": "1000.00", "month": "Feb-2025", "total_fee": "1000.00", "paid_amount": "0.00", "balance_due": "1000.00", "payment_date": "2025-02-15", "status": "Pending"}}, {"model": "students.fee", "pk": 144, "fields": {"student_id": 56, "student_name": "Haim Ali", "school": "The Generation Pre Cadet School", "student_class": "1", "monthly_fee": "1000.00", "month": "Feb-2025", "total_fee": "3000.00", "paid_amount": "0.00", "balance_due": "3000.00", "payment_date": "2025-02-15", "status": "Pending"}}, {"model": "students.fee", "pk": 145, "fields": {"student_id": 27, "student_name": "Hasnain Abdul Malik", "school": "The Creative School", "student_class": "3", "monthly_fee": "0.00", "month": "Feb-2025", "total_fee": "0.00", "paid_amount": "0.00", "balance_due": "0.00", "payment_date": "2025-02-15", "status": "Pending"}}, {"model": "students.fee", "pk": 146, "fields": {"student_id": 60, "student_name": "Hassan Mehmood", "school": "The Creative School", "student_class": "3", "monthly_fee": "0.00", "month": "Feb-2025", "total_fee": "0.00", "paid_amount": "0.00", "balance_due": "0.00", "payment_date": "2025-02-15", "status": "Pending"}}, {"model": "students.fee", "pk": 147, "fields": {"student_id": 52, "student_name": "Hifza Amir", "school": "The Generation Pre Cadet School", "student_class": "2", "monthly_fee": "1000.00", "month": "Feb-2025", "total_fee": "3000.00", "paid_amount": "0.00", "balance_due": "3000.00", "payment_date": "2025-02-15", "status": "Pending"}}, {"model": "students.fee", "pk": 148, "fields": {"student_id": 31, "student_name": "Hina Hassan", "school": "The Creative School", "student_class": "5", "monthly_fee": "0.00", "month": "Feb-2025", "total_fee": "0.00", "paid_amount": "0.00", "balance_due": "0.00", "payment_date": "2025-02-15", "status": "Pending"}}, {"model": "students.fee", "pk": 149, "fields": {"student_id": 16, "student_name": "Hooria Waqas", "school": "The Creative School", "student_class": "1", "monthly_fee": "1000.00", "month": "Feb-2025", "total_fee": "2000.00", "paid_amount": "0.00", "balance_due": "2000.00", "payment_date": "2025-02-15", "status": "Pending"}}, {"model": "students.fee", "pk": 150, "fields": {"student_id": 36, "student_name": "Huzaifa Javed", "school": "The Generation Pre Cadet School", "student_class": "6", "monthly_fee": "1000.00", "month": "Feb-2025", "total_fee": "3000.00", "paid_amount": "0.00", "balance_due": "3000.00", "payment_date": "2025-02-15", "status": "Pending"}}, {"model": "students.fee", "pk": 151, "fields": {"student_id": 46, "student_name": "Ibaad Faisal", "school": "The Generation Pre Cadet School", "student_class": "3", "monthly_fee": "1000.00", "month": "Feb-2025", "total_fee": "3000.00", "paid_amount": "0.00", "balance_due": "3000.00", "payment_date": "2025-02-15", "status": "Pending"}}, {"model": "students.fee", "pk": 152, "fields": {"student_id": 19, "student_name": "Ibad Rehan", "school": "The Creative School", "student_class": "1", "monthly_fee": "0.00", "month": "Feb-2025", "total_fee": "0.00", "paid_amount": "0.00", "balance_due": "0.00", "payment_date": "2025-02-15", "status": "Pending"}}, {"model": "students.fee", "pk": 153, "fields": {"student_id": 54, "student_name": "Joail Emmanuel", "school": "The Generation Pre Cadet School", "student_class": "6", "monthly_fee": "1000.00", "month": "Feb-2025", "total_fee": "3000.00", "paid_amount": "0.00", "balance_due": "3000.00", "payment_date": "2025-02-15", "status": "Pending"}}, {"model": "students.fee", "pk": 154, "fields": {"student_id": 55, "student_name": "Joycee Emmanuel", "school": "The Generation Pre Cadet School", "student_class": "4", "monthly_fee": "1000.00", "month": "Feb-2025", "total_fee": "1000.00", "paid_amount": "0.00", "balance_due": "1000.00", "payment_date": "2025-02-15", "status": "Pending"}}, {"model": "students.fee", "pk": 155, "fields": {"student_id": 41, "student_name": "Khalifa Asif", "school": "The Generation Pre Cadet School", "student_class": "1", "monthly_fee": "1000.00", "month": "Feb-2025", "total_fee": "3000.00", "paid_amount": "0.00", "balance_due": "3000.00", "payment_date": "2025-02-15", "status": "Pending"}}, {"model": "students.fee", "pk": 156, "fields": {"student_id": 26, "student_name": "Midha", "school": "The Creative School", "student_class": "2", "monthly_fee": "0.00", "month": "Feb-2025", "total_fee": "0.00", "paid_amount": "0.00", "balance_due": "0.00", "payment_date": "2025-02-15", "status": "Pending"}}, {"model": "students.fee", "pk": 157, "fields": {"student_id": 18, "student_name": "Mubarak", "school": "The Creative School", "student_class": "1", "monthly_fee": "0.00", "month": "Feb-2025", "total_fee": "0.00", "paid_amount": "0.00", "balance_due": "0.00", "payment_date": "2025-02-15", "status": "Pending"}}, {"model": "students.fee", "pk": 158, "fields": {"student_id": 6, "student_name": "Muhammad Ahmed Irfan", "school": "The Generation Pre Cadet School", "student_class": "3", "monthly_fee": "1000.00", "month": "Feb-2025", "total_fee": "3000.00", "paid_amount": "0.00", "balance_due": "3000.00", "payment_date": "2025-02-15", "status": "Pending"}}, {"model": "students.fee", "pk": 159, "fields": {"student_id": 5, "student_name": "Muhammad Arhum Irfan", "school": "The Generation Pre Cadet School", "student_class": "1", "monthly_fee": "1000.00", "month": "Feb-2025", "total_fee": "3000.00", "paid_amount": "0.00", "balance_due": "3000.00", "payment_date": "2025-02-15", "status": "Pending"}}, {"model": "students.fee", "pk": 160, "fields": {"student_id": 24, "student_name": "Muhammad Azan Khan", "school": "The Creative School", "student_class": "2", "monthly_fee": "0.00", "month": "Feb-2025", "total_fee": "0.00", "paid_amount": "0.00", "balance_due": "0.00", "payment_date": "2025-02-15", "status": "Pending"}}, {"model": "students.fee", "pk": 161, "fields": {"student_id": 30, "student_name": "Muhammad Ibrahim Rehan", "school": "The Creative School", "student_class": "4", "monthly_fee": "0.00", "month": "Feb-2025", "total_fee": "0.00", "paid_amount": "0.00", "balance_due": "0.00", "payment_date": "2025-02-15", "status": "Pending"}}, {"model": "students.fee", "pk": 162, "fields": {"student_id": 23, "student_name": "Muhammad Khizar Khan", "school": "The Creative School", "student_class": "2", "monthly_fee": "0.00", "month": "Feb-2025", "total_fee": "0.00", "paid_amount": "0.00", "balance_due": "0.00", "payment_date": "2025-02-15", "status": "Pending"}}, {"model": "students.fee", "pk": 163, "fields": {"student_id": 59, "student_name": "Muhammad Rohan", "school": "The Generation Pre Cadet School", "student_class": "1", "monthly_fee": "1000.00", "month": "Feb-2025", "total_fee": "3000.00", "paid_amount": "0.00", "balance_due": "3000.00", "payment_date": "2025-02-15", "status": "Pending"}}, {"model": "students.fee", "pk": 164, "fields": {"student_id": 15, "student_name": "Muhammad Shahbaz Ali", "school": "The Creative School", "student_class": "2", "monthly_fee": "1000.00", "month": "Feb-2025", "total_fee": "2000.00", "paid_amount": "0.00", "balance_due": "2000.00", "payment_date": "2025-02-15", "status": "Pending"}}, {"model": "students.fee", "pk": 165, "fields": {"student_id": 32, "student_name": "Muskan Arshad", "school": "The Creative School", "student_class": "5", "monthly_fee": "0.00", "month": "Feb-2025", "total_fee": "0.00", "paid_amount": "0.00", "balance_due": "0.00", "payment_date": "2025-02-15", "status": "Pending"}}, {"model": "students.fee", "pk": 166, "fields": {"student_id": 4, "student_name": "Rouhan Niaz", "school": "The Generation Pre Cadet School", "student_class": "6", "monthly_fee": "1000.00", "month": "Feb-2025", "total_fee": "3000.00", "paid_amount": "0.00", "balance_due": "3000.00", "payment_date": "2025-02-15", "status": "Pending"}}, {"model": "students.fee", "pk": 167, "fields": {"student_id": 40, "student_name": "Ruhan Salman", "school": "The Generation Pre Cadet School", "student_class": "1", "monthly_fee": "1000.00", "month": "Feb-2025", "total_fee": "3000.00", "paid_amount": "0.00", "balance_due": "3000.00", "payment_date": "2025-02-15", "status": "Pending"}}, {"model": "students.fee", "pk": 168, "fields": {"student_id": 45, "student_name": "Sajal Faisal", "school": "The Generation Pre Cadet School", "student_class": "1", "monthly_fee": "1000.00", "month": "Feb-2025", "total_fee": "3000.00", "paid_amount": "0.00", "balance_due": "3000.00", "payment_date": "2025-02-15", "status": "Pending"}}, {"model": "students.fee", "pk": 169, "fields": {"student_id": 25, "student_name": "Saqlain Abdul Malik", "school": "The Creative School", "student_class": "2", "monthly_fee": "0.00", "month": "Feb-2025", "total_fee": "0.00", "paid_amount": "0.00", "balance_due": "0.00", "payment_date": "2025-02-15", "status": "Pending"}}, {"model": "students.fee", "pk": 170, "fields": {"student_id": 10, "student_name": "Sawera Rajpoot", "school": "The Generation Pre Cadet School", "student_class": "6", "monthly_fee": "1000.00", "month": "Feb-2025", "total_fee": "3000.00", "paid_amount": "0.00", "balance_due": "3000.00", "payment_date": "2025-02-15", "status": "Pending"}}, {"model": "students.fee", "pk": 171, "fields": {"student_id": 33, "student_name": "Sayed Ashar Hussnain", "school": "The Generation Pre Cadet School", "student_class": "1", "monthly_fee": "1000.00", "month": "Feb-2025", "total_fee": "3000.00", "paid_amount": "0.00", "balance_due": "3000.00", "payment_date": "2025-02-15", "status": "Pending"}}, {"model": "students.fee", "pk": 172, "fields": {"student_id": 14, "student_name": "Shawaiz", "school": "The Creative School", "student_class": "1", "monthly_fee": "500.00", "month": "Feb-2025", "total_fee": "1000.00", "paid_amount": "0.00", "balance_due": "1000.00", "payment_date": "2025-02-15", "status": "Pending"}}, {"model": "students.fee", "pk": 173, "fields": {"student_id": 29, "student_name": "Sumbal Ali", "school": "The Creative School", "student_class": "4", "monthly_fee": "0.00", "month": "Feb-2025", "total_fee": "0.00", "paid_amount": "0.00", "balance_due": "0.00", "payment_date": "2025-02-15", "status": "Pending"}}, {"model": "students.fee", "pk": 174, "fields": {"student_id": 35, "student_name": "Syed Ahmed Zawar", "school": "The Generation Pre Cadet School", "student_class": "6", "monthly_fee": "1000.00", "month": "Feb-2025", "total_fee": "3000.00", "paid_amount": "0.00", "balance_due": "3000.00", "payment_date": "2025-02-15", "status": "Pending"}}, {"model": "students.fee", "pk": 175, "fields": {"student_id": 2, "student_name": "Syed Hadi Asif", "school": "The Generation Pre Cadet School", "student_class": "3", "monthly_fee": "1000.00", "month": "Feb-2025", "total_fee": "3000.00", "paid_amount": "0.00", "balance_due": "3000.00", "payment_date": "2025-02-15", "status": "Pending"}}, {"model": "students.fee", "pk": 176, "fields": {"student_id": 62, "student_name": "TestStudent", "school": "TRES", "student_class": "1", "monthly_fee": "1000.00", "month": "Feb-2025", "total_fee": "1000.00", "paid_amount": "1000.00", "balance_due": "0.00", "payment_date": "2025-02-15", "status": "Paid"}}, {"model": "students.fee", "pk": 177, "fields": {"student_id": 21, "student_name": "Tuba Mehak", "school": "The Creative School", "student_class": "1", "monthly_fee": "0.00", "month": "Feb-2025", "total_fee": "0.00", "paid_amount": "0.00", "balance_due": "0.00", "payment_date": "2025-02-15", "status": "Pending"}}, {"model": "students.fee", "pk": 178, "fields": {"student_id": 44, "student_name": "Umer Ali", "school": "The Generation Pre Cadet School", "student_class": "6", "monthly_fee": "1000.00", "month": "Feb-2025", "total_fee": "3000.00", "paid_amount": "0.00", "balance_due": "3000.00", "payment_date": "2025-02-15", "status": "Pending"}}, {"model": "students.fee", "pk": 179, "fields": {"student_id": 34, "student_name": "Uswa Yasir Abbasi", "school": "The Generation Pre Cadet School", "student_class": "4", "monthly_fee": "1000.00", "month": "Feb-2025", "total_fee": "3000.00", "paid_amount": "0.00", "balance_due": "3000.00", "payment_date": "2025-02-15", "status": "Pending"}}, {"model": "students.fee", "pk": 180, "fields": {"student_id": 53, "student_name": "Warisha Amir", "school": "The Generation Pre Cadet School", "student_class": "7", "monthly_fee": "1000.00", "month": "Feb-2025", "total_fee": "3000.00", "paid_amount": "0.00", "balance_due": "3000.00", "payment_date": "2025-02-15", "status": "Pending"}}, {"model": "students.fee", "pk": 181, "fields": {"student_id": 3, "student_name": "Zeeshan Irfan", "school": "The Generation Pre Cadet School", "student_class": "6", "monthly_fee": "1000.00", "month": "Feb-2025", "total_fee": "3000.00", "paid_amount": "0.00", "balance_due": "3000.00", "payment_date": "2025-02-15", "status": "Pending"}}, {"model": "students.fee", "pk": 182, "fields": {"student_id": 63, "student_name": "test2", "school": "TRES", "student_class": "1", "monthly_fee": "1000.00", "month": "Feb-2025", "total_fee": "1000.00", "paid_amount": "500.00", "balance_due": "500.00", "payment_date": "2025-02-15", "status": "Overdue"}}, {"model": "students.attendance", "pk": 1, "fields": {"student": 7, "session_date": "2025-02-20", "status": "Present", "teacher": 5, "lesson_plan": 1, "achieved_topic": null, "created_at": "2025-02-20T06:13:50.488Z", "updated_at": "2025-02-20T06:13:50.488Z"}}, {"model": "students.attendance", "pk": 2, "fields": {"student": 47, "session_date": "2025-02-03", "status": "{'status': 'Present'}", "teacher": 5, "lesson_plan": null, "achieved_topic": null, "created_at": "2025-02-26T06:42:52.178Z", "updated_at": "2025-02-26T06:54:56.930Z"}}, {"model": "students.attendance", "pk": 3, "fields": {"student": 42, "session_date": "2025-02-03", "status": "{'status': 'Present'}", "teacher": 5, "lesson_plan": null, "achieved_topic": null, "created_at": "2025-02-26T06:42:52.261Z", "updated_at": "2025-02-26T06:54:58.069Z"}}, {"model": "students.attendance", "pk": 4, "fields": {"student": 56, "session_date": "2025-02-03", "status": "{'status': 'Present'}", "teacher": 5, "lesson_plan": null, "achieved_topic": null, "created_at": "2025-02-26T06:42:52.321Z", "updated_at": "2025-02-26T06:54:58.129Z"}}, {"model": "students.attendance", "pk": 5, "fields": {"student": 41, "session_date": "2025-02-03", "status": "{'status': 'Present'}", "teacher": 5, "lesson_plan": null, "achieved_topic": null, "created_at": "2025-02-26T06:42:52.372Z", "updated_at": "2025-02-26T06:54:58.184Z"}}, {"model": "students.attendance", "pk": 6, "fields": {"student": 5, "session_date": "2025-02-03", "status": "{'status': 'Present'}", "teacher": 5, "lesson_plan": null, "achieved_topic": null, "created_at": "2025-02-26T06:42:52.422Z", "updated_at": "2025-02-26T06:54:58.246Z"}}, {"model": "students.attendance", "pk": 7, "fields": {"student": 59, "session_date": "2025-02-03", "status": "{'status': 'Absent'}", "teacher": 5, "lesson_plan": null, "achieved_topic": null, "created_at": "2025-02-26T06:42:52.478Z", "updated_at": "2025-02-26T06:54:58.303Z"}}, {"model": "students.attendance", "pk": 8, "fields": {"student": 40, "session_date": "2025-02-03", "status": "{'status': 'Absent'}", "teacher": 5, "lesson_plan": null, "achieved_topic": null, "created_at": "2025-02-26T06:42:52.541Z", "updated_at": "2025-02-26T06:54:58.354Z"}}, {"model": "students.attendance", "pk": 9, "fields": {"student": 45, "session_date": "2025-02-03", "status": "{'status': 'Present'}", "teacher": 5, "lesson_plan": null, "achieved_topic": null, "created_at": "2025-02-26T06:42:52.603Z", "updated_at": "2025-02-26T06:54:58.406Z"}}, {"model": "students.attendance", "pk": 10, "fields": {"student": 33, "session_date": "2025-02-03", "status": "{'status': 'Present'}", "teacher": 5, "lesson_plan": null, "achieved_topic": null, "created_at": "2025-02-26T06:42:52.661Z", "updated_at": "2025-02-26T06:54:58.473Z"}}, {"model": "students.attendance", "pk": 11, "fields": {"student": 49, "session_date": "2025-02-03", "status": "{'status': 'Present'}", "teacher": 5, "lesson_plan": null, "achieved_topic": "a quick brown fox", "created_at": "2025-02-26T07:07:03.391Z", "updated_at": "2025-02-26T07:07:03.391Z"}}, {"model": "students.attendance", "pk": 12, "fields": {"student": 53, "session_date": "2025-02-03", "status": "{'status': 'Absent'}", "teacher": 5, "lesson_plan": null, "achieved_topic": "Another quick brown fox", "created_at": "2025-02-26T07:07:03.793Z", "updated_at": "2025-02-26T07:07:03.793Z"}}, {"model": "students.attendance", "pk": 13, "fields": {"student": 47, "session_date": "2025-02-10", "status": "{'status': 'Present'}", "teacher": 5, "lesson_plan": 12, "achieved_topic": "ccsdfd", "created_at": "2025-02-26T07:59:51.077Z", "updated_at": "2025-02-26T07:59:51.077Z"}}, {"model": "students.attendance", "pk": 14, "fields": {"student": 42, "session_date": "2025-02-10", "status": "{'status': 'Present'}", "teacher": 5, "lesson_plan": 12, "achieved_topic": "dfsd", "created_at": "2025-02-26T07:59:51.226Z", "updated_at": "2025-02-26T07:59:51.226Z"}}, {"model": "students.attendance", "pk": 15, "fields": {"student": 56, "session_date": "2025-02-10", "status": "{'status': 'Absent'}", "teacher": 5, "lesson_plan": 12, "achieved_topic": "dsfsd", "created_at": "2025-02-26T07:59:51.288Z", "updated_at": "2025-02-26T07:59:51.288Z"}}, {"model": "students.attendance", "pk": 16, "fields": {"student": 41, "session_date": "2025-02-10", "status": "N/A", "teacher": 5, "lesson_plan": 12, "achieved_topic": "sdfsd", "created_at": "2025-02-26T07:59:51.356Z", "updated_at": "2025-02-26T07:59:51.356Z"}}, {"model": "students.attendance", "pk": 17, "fields": {"student": 5, "session_date": "2025-02-10", "status": "{'status': 'Present'}", "teacher": 5, "lesson_plan": 12, "achieved_topic": "fdsfsd", "created_at": "2025-02-26T07:59:51.410Z", "updated_at": "2025-02-26T07:59:51.410Z"}}, {"model": "students.attendance", "pk": 18, "fields": {"student": 59, "session_date": "2025-02-10", "status": "{'status': 'Absent'}", "teacher": 5, "lesson_plan": 12, "achieved_topic": "sdfsd", "created_at": "2025-02-26T07:59:51.479Z", "updated_at": "2025-02-26T07:59:51.479Z"}}, {"model": "students.attendance", "pk": 19, "fields": {"student": 40, "session_date": "2025-02-10", "status": "{'status': 'Absent'}", "teacher": 5, "lesson_plan": 12, "achieved_topic": "sdfsd", "created_at": "2025-02-26T07:59:51.572Z", "updated_at": "2025-02-26T07:59:51.572Z"}}, {"model": "students.attendance", "pk": 20, "fields": {"student": 45, "session_date": "2025-02-10", "status": "N/A", "teacher": 5, "lesson_plan": 12, "achieved_topic": "fsdf", "created_at": "2025-02-26T07:59:51.630Z", "updated_at": "2025-02-26T07:59:51.630Z"}}, {"model": "students.attendance", "pk": 21, "fields": {"student": 33, "session_date": "2025-02-10", "status": "N/A", "teacher": 5, "lesson_plan": 12, "achieved_topic": "sdf", "created_at": "2025-02-26T07:59:51.687Z", "updated_at": "2025-02-26T07:59:51.687Z"}}, {"model": "students.lessonplan", "pk": 1, "fields": {"session_date": "2025-02-20", "teacher": 5, "school": 7, "student_class": "1", "planned_topic": "This section will show plan topics?", "achieved_topic": "There we should have remarks", "created_at": "2025-02-20T06:13:29.088Z", "updated_at": "2025-02-20T06:13:29.088Z"}}, {"model": "students.lessonplan", "pk": 2, "fields": {"session_date": "2025-02-24", "teacher": 5, "school": 7, "student_class": "2", "planned_topic": "Scratch Jr Page 24", "achieved_topic": null, "created_at": "2025-02-24T05:39:12.746Z", "updated_at": "2025-02-24T05:39:12.746Z"}}, {"model": "students.lessonplan", "pk": 3, "fields": {"session_date": "2025-02-25", "teacher": 6, "school": 9, "student_class": "1", "planned_topic": "topic 2", "achieved_topic": null, "created_at": "2025-02-24T05:43:49.853Z", "updated_at": "2025-02-24T05:43:49.853Z"}}, {"model": "students.lessonplan", "pk": 4, "fields": {"session_date": "2025-02-24", "teacher": 6, "school": 9, "student_class": "1", "planned_topic": "test topics", "achieved_topic": null, "created_at": "2025-02-24T05:43:50.006Z", "updated_at": "2025-02-24T05:43:50.006Z"}}, {"model": "students.lessonplan", "pk": 5, "fields": {"session_date": "2025-01-05", "teacher": 6, "school": 9, "student_class": "1", "planned_topic": "Hello\ntest enty", "achieved_topic": null, "created_at": "2025-02-24T07:46:34.332Z", "updated_at": "2025-02-24T07:46:34.332Z"}}, {"model": "students.lessonplan", "pk": 6, "fields": {"session_date": "2025-01-12", "teacher": 6, "school": 9, "student_class": "1", "planned_topic": "a", "achieved_topic": null, "created_at": "2025-02-24T07:46:34.530Z", "updated_at": "2025-02-24T07:46:34.530Z"}}, {"model": "students.lessonplan", "pk": 7, "fields": {"session_date": "2025-01-26", "teacher": 6, "school": 9, "student_class": "1", "planned_topic": "7", "achieved_topic": null, "created_at": "2025-02-24T07:46:34.599Z", "updated_at": "2025-02-24T07:47:49.127Z"}}, {"model": "students.lessonplan", "pk": 8, "fields": {"session_date": "2025-01-27", "teacher": 6, "school": 9, "student_class": "1", "planned_topic": "8", "achieved_topic": null, "created_at": "2025-02-24T07:46:34.681Z", "updated_at": "2025-02-24T07:49:38.186Z"}}, {"model": "students.lessonplan", "pk": 9, "fields": {"session_date": "2025-01-06", "teacher": 6, "school": 9, "student_class": "1", "planned_topic": "2", "achieved_topic": null, "created_at": "2025-02-24T07:47:48.986Z", "updated_at": "2025-02-24T07:47:48.986Z"}}, {"model": "students.lessonplan", "pk": 10, "fields": {"session_date": "2025-01-19", "teacher": 6, "school": 9, "student_class": "1", "planned_topic": "5", "achieved_topic": null, "created_at": "2025-02-24T07:47:49.280Z", "updated_at": "2025-02-24T07:49:37.893Z"}}, {"model": "students.lessonplan", "pk": 11, "fields": {"session_date": "2025-01-20", "teacher": 6, "school": 9, "student_class": "1", "planned_topic": "6", "achieved_topic": null, "created_at": "2025-02-24T07:49:38.086Z", "updated_at": "2025-02-24T07:49:38.086Z"}}, {"model": "students.lessonplan", "pk": 12, "fields": {"session_date": "2025-02-10", "teacher": 5, "school": 7, "student_class": "1", "planned_topic": "z", "achieved_topic": null, "created_at": "2025-02-24T07:54:38.518Z", "updated_at": "2025-02-24T08:39:10.073Z"}}, {"model": "students.lessonplan", "pk": 13, "fields": {"session_date": "2025-02-17", "teacher": 5, "school": 7, "student_class": "1", "planned_topic": "e", "achieved_topic": null, "created_at": "2025-02-24T07:54:38.612Z", "updated_at": "2025-02-24T08:39:10.200Z"}}, {"model": "students.lessonplan", "pk": 14, "fields": {"session_date": "2025-02-24", "teacher": 5, "school": 7, "student_class": "1", "planned_topic": "g", "achieved_topic": null, "created_at": "2025-02-24T07:54:38.693Z", "updated_at": "2025-02-24T08:39:10.398Z"}}, {"model": "students.lessonplan", "pk": 15, "fields": {"session_date": "2025-02-16", "teacher": 5, "school": 7, "student_class": "1", "planned_topic": "5", "achieved_topic": null, "created_at": "2025-02-24T07:54:38.792Z", "updated_at": "2025-02-24T07:54:38.792Z"}}, {"model": "students.lessonplan", "pk": 16, "fields": {"session_date": "2025-02-03", "teacher": 5, "school": 7, "student_class": "1", "planned_topic": "x", "achieved_topic": null, "created_at": "2025-02-24T08:39:09.940Z", "updated_at": "2025-02-24T08:39:09.940Z"}}, {"model": "students.lessonplan", "pk": 17, "fields": {"session_date": "2025-02-04", "teacher": 5, "school": 7, "student_class": "1", "planned_topic": "y", "achieved_topic": null, "created_at": "2025-02-24T08:39:10.011Z", "updated_at": "2025-02-24T08:39:10.011Z"}}, {"model": "students.lessonplan", "pk": 18, "fields": {"session_date": "2025-02-11", "teacher": 5, "school": 7, "student_class": "1", "planned_topic": "w", "achieved_topic": null, "created_at": "2025-02-24T08:39:10.137Z", "updated_at": "2025-02-24T08:39:10.137Z"}}, {"model": "students.lessonplan", "pk": 19, "fields": {"session_date": "2025-02-18", "teacher": 5, "school": 7, "student_class": "1", "planned_topic": "f", "achieved_topic": null, "created_at": "2025-02-24T08:39:10.306Z", "updated_at": "2025-02-24T08:39:10.306Z"}}, {"model": "students.lessonplan", "pk": 20, "fields": {"session_date": "2025-02-25", "teacher": 5, "school": 7, "student_class": "1", "planned_topic": "h", "achieved_topic": null, "created_at": "2025-02-24T08:39:10.473Z", "updated_at": "2025-02-24T08:39:10.473Z"}}, {"model": "students.lessonplan", "pk": 21, "fields": {"session_date": "2024-12-31", "teacher": 5, "school": 8, "student_class": "2", "planned_topic": "test 1", "achieved_topic": null, "created_at": "2025-02-24T17:33:03.940Z", "updated_at": "2025-02-24T17:33:03.940Z"}}, {"model": "students.lessonplan", "pk": 22, "fields": {"session_date": "2025-01-01", "teacher": 5, "school": 8, "student_class": "2", "planned_topic": "test 1", "achieved_topic": null, "created_at": "2025-02-24T17:33:04.058Z", "updated_at": "2025-02-24T17:33:04.058Z"}}, {"model": "students.lessonplan", "pk": 23, "fields": {"session_date": "2025-01-07", "teacher": 5, "school": 8, "student_class": "2", "planned_topic": "test 1", "achieved_topic": null, "created_at": "2025-02-24T17:33:04.127Z", "updated_at": "2025-02-24T17:33:04.127Z"}}, {"model": "students.lessonplan", "pk": 24, "fields": {"session_date": "2025-01-08", "teacher": 5, "school": 8, "student_class": "2", "planned_topic": "test 1", "achieved_topic": null, "created_at": "2025-02-24T17:33:04.186Z", "updated_at": "2025-02-24T17:33:04.186Z"}}, {"model": "students.lessonplan", "pk": 25, "fields": {"session_date": "2025-01-14", "teacher": 5, "school": 8, "student_class": "2", "planned_topic": "test 1", "achieved_topic": null, "created_at": "2025-02-24T17:33:04.248Z", "updated_at": "2025-02-24T17:33:04.248Z"}}, {"model": "students.lessonplan", "pk": 26, "fields": {"session_date": "2025-01-15", "teacher": 5, "school": 8, "student_class": "2", "planned_topic": "test 1", "achieved_topic": null, "created_at": "2025-02-24T17:33:04.311Z", "updated_at": "2025-02-24T17:33:04.311Z"}}, {"model": "students.lessonplan", "pk": 27, "fields": {"session_date": "2025-01-21", "teacher": 5, "school": 8, "student_class": "2", "planned_topic": "test 1", "achieved_topic": null, "created_at": "2025-02-24T17:33:05.498Z", "updated_at": "2025-02-24T17:33:05.498Z"}}, {"model": "students.lessonplan", "pk": 28, "fields": {"session_date": "2025-01-22", "teacher": 5, "school": 8, "student_class": "2", "planned_topic": "test 1", "achieved_topic": null, "created_at": "2025-02-24T17:33:05.578Z", "updated_at": "2025-02-24T17:33:05.578Z"}}, {"model": "token_blacklist.outstandingtoken", "pk": 2, "fields": {"user": 1, "jti": "17e01e8c3ac6459e81ad46e76bc09734", "token": "eyJhbGciOiJIUzI1NiIsInR5cCI6IkpXVCJ9.eyJ0b2tlbl90eXBlIjoicmVmcmVzaCIsImV4cCI6MTc0MDQwODQyMiwiaWF0IjoxNzM5ODAzNjIyLCJqdGkiOiIxN2UwMWU4YzNhYzY0NTllODFhZDQ2ZTc2YmMwOTczNCIsInVzZXJfaWQiOjF9.7qxi4rd2gtOU5TDll22b0nT_RQS-EKXyf8VkZalzHz4", "created_at": "2025-02-17T14:47:02.028Z", "expires_at": "2025-02-24T14:47:02Z"}}, {"model": "token_blacklist.outstandingtoken", "pk": 4, "fields": {"user": 4, "jti": "6442416e2f5d42b7a368dc89e2ecf5ea", "token": "eyJhbGciOiJIUzI1NiIsInR5cCI6IkpXVCJ9.eyJ0b2tlbl90eXBlIjoicmVmcmVzaCIsImV4cCI6MTc0MDQwODczNSwiaWF0IjoxNzM5ODAzOTM1LCJqdGkiOiI2NDQyNDE2ZTJmNWQ0MmI3YTM2OGRjODllMmVjZjVlYSIsInVzZXJfaWQiOjR9.Uv9JzsQhUeixiBiwhW7fwtD7syn8Tnf6N501rDH5seU", "created_at": "2025-02-17T14:52:15.935Z", "expires_at": "2025-02-24T14:52:15Z"}}, {"model": "token_blacklist.outstandingtoken", "pk": 5, "fields": {"user": 4, "jti": "78aaaaae590c49f0951ae9ebb4fe8687", "token": "eyJhbGciOiJIUzI1NiIsInR5cCI6IkpXVCJ9.eyJ0b2tlbl90eXBlIjoicmVmcmVzaCIsImV4cCI6MTc0MDQxNzE0NSwiaWF0IjoxNzM5ODEyMzQ1LCJqdGkiOiI3OGFhYWFhZTU5MGM0OWYwOTUxYWU5ZWJiNGZlODY4NyIsInVzZXJfaWQiOjR9.WsTJOXbAZ11hbr5CVNETPXpr2jEB0xTxM9-xQerrwVI", "created_at": "2025-02-17T17:12:25.294Z", "expires_at": "2025-02-24T17:12:25Z"}}, {"model": "token_blacklist.outstandingtoken", "pk": 6, "fields": {"user": 1, "jti": "c20a50cb42504a01a4d6b0b263874f04", "token": "eyJhbGciOiJIUzI1NiIsInR5cCI6IkpXVCJ9.eyJ0b2tlbl90eXBlIjoicmVmcmVzaCIsImV4cCI6MTc0MDQxNzY1NiwiaWF0IjoxNzM5ODEyODU2LCJqdGkiOiJjMjBhNTBjYjQyNTA0YTAxYTRkNmIwYjI2Mzg3NGYwNCIsInVzZXJfaWQiOjF9.Le7oYJsh9B_KDiMZdNCXMf657hrHSnmnA-TlogTcTtg", "created_at": "2025-02-17T17:20:56.407Z", "expires_at": "2025-02-24T17:20:56Z"}}, {"model": "token_blacklist.outstandingtoken", "pk": 8, "fields": {"user": 4, "jti": "74fb124508e7456a80681d4729d5e4b4", "token": "eyJhbGciOiJIUzI1NiIsInR5cCI6IkpXVCJ9.eyJ0b2tlbl90eXBlIjoicmVmcmVzaCIsImV4cCI6MTc0MDQxNzg3NSwiaWF0IjoxNzM5ODEzMDc1LCJqdGkiOiI3NGZiMTI0NTA4ZTc0NTZhODA2ODFkNDcyOWQ1ZTRiNCIsInVzZXJfaWQiOjR9.6ekSpMjpqLsbMP0TNdSRTPZUrJ1eiJyVxJGqEmccOjQ", "created_at": "2025-02-17T17:24:35.868Z", "expires_at": "2025-02-24T17:24:35Z"}}, {"model": "token_blacklist.outstandingtoken", "pk": 9, "fields": {"user": 4, "jti": "87124390fe8f4913b8ac5117a7319646", "token": "eyJhbGciOiJIUzI1NiIsInR5cCI6IkpXVCJ9.eyJ0b2tlbl90eXBlIjoicmVmcmVzaCIsImV4cCI6MTc0MDQ2ODY2NywiaWF0IjoxNzM5ODYzODY3LCJqdGkiOiI4NzEyNDM5MGZlOGY0OTEzYjhhYzUxMTdhNzMxOTY0NiIsInVzZXJfaWQiOjR9.e83baKXzrhyw1zu4RefJCvvVZfRWY7vkK_bSd8oT9vw", "created_at": "2025-02-18T07:31:07.665Z", "expires_at": "2025-02-25T07:31:07Z"}}, {"model": "token_blacklist.outstandingtoken", "pk": 11, "fields": {"user": 4, "jti": "4bdea533f8a84332a0388f0e0d7363bb", "token": "eyJhbGciOiJIUzI1NiIsInR5cCI6IkpXVCJ9.eyJ0b2tlbl90eXBlIjoicmVmcmVzaCIsImV4cCI6MTc0MDQ3MDA0MywiaWF0IjoxNzM5ODY1MjQzLCJqdGkiOiI0YmRlYTUzM2Y4YTg0MzMyYTAzODhmMGUwZDczNjNiYiIsInVzZXJfaWQiOjR9.F3I7A0B7J5LNiozCSnGhjCJ14sltHUVDH6RltW55r-w", "created_at": "2025-02-18T07:54:03.335Z", "expires_at": "2025-02-25T07:54:03Z"}}, {"model": "token_blacklist.outstandingtoken", "pk": 13, "fields": {"user": 4, "jti": "f1cec0a981df4a018871860d2b982e4e", "token": "eyJhbGciOiJIUzI1NiIsInR5cCI6IkpXVCJ9.eyJ0b2tlbl90eXBlIjoicmVmcmVzaCIsImV4cCI6MTc0MDQ3MDM2MiwiaWF0IjoxNzM5ODY1NTYyLCJqdGkiOiJmMWNlYzBhOTgxZGY0YTAxODg3MTg2MGQyYjk4MmU0ZSIsInVzZXJfaWQiOjR9.C4zANWdfaddZC3aSP2BCCq0cqgeK9K9phkpkmNCWtBY", "created_at": "2025-02-18T07:59:22.245Z", "expires_at": "2025-02-25T07:59:22Z"}}, {"model": "token_blacklist.outstandingtoken", "pk": 14, "fields": {"user": 5, "jti": "a7cb5e83574c433d91c852800e1833cd", "token": "eyJhbGciOiJIUzI1NiIsInR5cCI6IkpXVCJ9.eyJ0b2tlbl90eXBlIjoicmVmcmVzaCIsImV4cCI6MTc0MDQ3NjA3NywiaWF0IjoxNzM5ODcxMjc3LCJqdGkiOiJhN2NiNWU4MzU3NGM0MzNkOTFjODUyODAwZTE4MzNjZCIsInVzZXJfaWQiOjV9.-Bo3ghlBhfScttfNYs1EfK-rovr2MKBWt8ZqN_--0m0", "created_at": "2025-02-18T09:34:37.497Z", "expires_at": "2025-02-25T09:34:37Z"}}, {"model": "token_blacklist.outstandingtoken", "pk": 15, "fields": {"user": 5, "jti": "ae7bab157e7142a99bda8abf08ad2d19", "token": "eyJhbGciOiJIUzI1NiIsInR5cCI6IkpXVCJ9.eyJ0b2tlbl90eXBlIjoicmVmcmVzaCIsImV4cCI6MTc0MDQ3NzE3NSwiaWF0IjoxNzM5ODcyMzc1LCJqdGkiOiJhZTdiYWIxNTdlNzE0MmE5OWJkYThhYmYwOGFkMmQxOSIsInVzZXJfaWQiOjV9.HLsSHialRFqFgmKh_A-CKXTkNQAwl39wfkxUYISO0sU", "created_at": "2025-02-18T09:52:55.421Z", "expires_at": "2025-02-25T09:52:55Z"}}, {"model": "token_blacklist.outstandingtoken", "pk": 16, "fields": {"user": 5, "jti": "f565213d1a8d43e0b63e60cb9f49bf32", "token": "eyJhbGciOiJIUzI1NiIsInR5cCI6IkpXVCJ9.eyJ0b2tlbl90eXBlIjoicmVmcmVzaCIsImV4cCI6MTc0MDQ3Nzc0NywiaWF0IjoxNzM5ODcyOTQ3LCJqdGkiOiJmNTY1MjEzZDFhOGQ0M2UwYjYzZTYwY2I5ZjQ5YmYzMiIsInVzZXJfaWQiOjV9.v6XorWSodLDZtljst6RHuvcrfYW9rJHRvZabm1nt9ws", "created_at": "2025-02-18T10:02:27.108Z", "expires_at": "2025-02-25T10:02:27Z"}}, {"model": "token_blacklist.outstandingtoken", "pk": 17, "fields": {"user": 5, "jti": "b10c4ba7a32a4989ba72a2daee3a168c", "token": "eyJhbGciOiJIUzI1NiIsInR5cCI6IkpXVCJ9.eyJ0b2tlbl90eXBlIjoicmVmcmVzaCIsImV4cCI6MTc0MDQ3ODMxMiwiaWF0IjoxNzM5ODczNTEyLCJqdGkiOiJiMTBjNGJhN2EzMmE0OTg5YmE3MmEyZGFlZTNhMTY4YyIsInVzZXJfaWQiOjV9.SJgljj9evCmc4f41wB934Lmq_B86tMMx6kzlbrnB3cU", "created_at": "2025-02-18T10:11:52.232Z", "expires_at": "2025-02-25T10:11:52Z"}}, {"model": "token_blacklist.outstandingtoken", "pk": 18, "fields": {"user": 4, "jti": "72b2e7564b8c411d85d2a313178ecafe", "token": "eyJhbGciOiJIUzI1NiIsInR5cCI6IkpXVCJ9.eyJ0b2tlbl90eXBlIjoicmVmcmVzaCIsImV4cCI6MTc0MDQ3ODcxNywiaWF0IjoxNzM5ODczOTE3LCJqdGkiOiI3MmIyZTc1NjRiOGM0MTFkODVkMmEzMTMxNzhlY2FmZSIsInVzZXJfaWQiOjR9.gCLk6oF7oo9IUY6ZytL6F9H3u9VzSqzQ73i_Tt5CfjY", "created_at": "2025-02-18T10:18:37.223Z", "expires_at": "2025-02-25T10:18:37Z"}}, {"model": "token_blacklist.outstandingtoken", "pk": 19, "fields": {"user": 4, "jti": "266c14bd29cb41a9966d44c7cfe84f88", "token": "eyJhbGciOiJIUzI1NiIsInR5cCI6IkpXVCJ9.eyJ0b2tlbl90eXBlIjoicmVmcmVzaCIsImV4cCI6MTc0MDQ3ODgwNiwiaWF0IjoxNzM5ODc0MDA2LCJqdGkiOiIyNjZjMTRiZDI5Y2I0MWE5OTY2ZDQ0YzdjZmU4NGY4OCIsInVzZXJfaWQiOjR9.F7MRKf9KF5pvVffzAywSLSsj4Ca0kF7tVCz1QaxMoUg", "created_at": "2025-02-18T10:20:06.182Z", "expires_at": "2025-02-25T10:20:06Z"}}, {"model": "token_blacklist.outstandingtoken", "pk": 20, "fields": {"user": 5, "jti": "f94a019146bd41d487287c920548d806", "token": "eyJhbGciOiJIUzI1NiIsInR5cCI6IkpXVCJ9.eyJ0b2tlbl90eXBlIjoicmVmcmVzaCIsImV4cCI6MTc0MDQ3ODgzNiwiaWF0IjoxNzM5ODc0MDM2LCJqdGkiOiJmOTRhMDE5MTQ2YmQ0MWQ0ODcyODdjOTIwNTQ4ZDgwNiIsInVzZXJfaWQiOjV9.DPCpFmVfu6kFIcOWwjUkvIRUohTGWLFZOMoE-k3XhfA", "created_at": "2025-02-18T10:20:36.672Z", "expires_at": "2025-02-25T10:20:36Z"}}, {"model": "token_blacklist.outstandingtoken", "pk": 21, "fields": {"user": 5, "jti": "95aae7ffa5aa41e1bb35ccacdf790257", "token": "eyJhbGciOiJIUzI1NiIsInR5cCI6IkpXVCJ9.eyJ0b2tlbl90eXBlIjoicmVmcmVzaCIsImV4cCI6MTc0MDQ3OTUxOSwiaWF0IjoxNzM5ODc0NzE5LCJqdGkiOiI5NWFhZTdmZmE1YWE0MWUxYmIzNWNjYWNkZjc5MDI1NyIsInVzZXJfaWQiOjV9.xCSmOPWKQY_ymOY1gOguynj1mULJWOBftzoQ5dnN7TQ", "created_at": "2025-02-18T10:31:59.796Z", "expires_at": "2025-02-25T10:31:59Z"}}, {"model": "token_blacklist.outstandingtoken", "pk": 22, "fields": {"user": 5, "jti": "0a39f4ee0c1b44359baf453a81b0c1dc", "token": "eyJhbGciOiJIUzI1NiIsInR5cCI6IkpXVCJ9.eyJ0b2tlbl90eXBlIjoicmVmcmVzaCIsImV4cCI6MTc0MDQ5MjMyNCwiaWF0IjoxNzM5ODg3NTI0LCJqdGkiOiIwYTM5ZjRlZTBjMWI0NDM1OWJhZjQ1M2E4MWIwYzFkYyIsInVzZXJfaWQiOjV9.Wy6N8dBdPBn3AziQWmkVYnvrSel-yHv-g2hNr35YIxI", "created_at": "2025-02-18T14:05:24.876Z", "expires_at": "2025-02-25T14:05:24Z"}}, {"model": "token_blacklist.outstandingtoken", "pk": 23, "fields": {"user": 4, "jti": "cc6a8bc0353d4a0dae189fda5e662c83", "token": "eyJhbGciOiJIUzI1NiIsInR5cCI6IkpXVCJ9.eyJ0b2tlbl90eXBlIjoicmVmcmVzaCIsImV4cCI6MTc0MDQ5Mjc3OCwiaWF0IjoxNzM5ODg3OTc4LCJqdGkiOiJjYzZhOGJjMDM1M2Q0YTBkYWUxODlmZGE1ZTY2MmM4MyIsInVzZXJfaWQiOjR9.gV0Db5xqTHuB_4E1v-DjKhWEH1BOqyQ_ODsmiLsBxxg", "created_at": "2025-02-18T14:12:58.989Z", "expires_at": "2025-02-25T14:12:58Z"}}, {"model": "token_blacklist.outstandingtoken", "pk": 24, "fields": {"user": 5, "jti": "601e2353e2f0417ea0cc055b333c3027", "token": "eyJhbGciOiJIUzI1NiIsInR5cCI6IkpXVCJ9.eyJ0b2tlbl90eXBlIjoicmVmcmVzaCIsImV4cCI6MTc0MDQ5MzU2MSwiaWF0IjoxNzM5ODg4NzYxLCJqdGkiOiI2MDFlMjM1M2UyZjA0MTdlYTBjYzA1NWIzMzNjMzAyNyIsInVzZXJfaWQiOjV9.k8K5yjelGLYJ2QMLNNfmAzJO1mzbF2yq7kEuIJATLXA", "created_at": "2025-02-18T14:26:01.082Z", "expires_at": "2025-02-25T14:26:01Z"}}, {"model": "token_blacklist.outstandingtoken", "pk": 25, "fields": {"user": 5, "jti": "8c36764ddec44043a6bb50d11f62ad76", "token": "eyJhbGciOiJIUzI1NiIsInR5cCI6IkpXVCJ9.eyJ0b2tlbl90eXBlIjoicmVmcmVzaCIsImV4cCI6MTc0MDQ5MzcyMCwiaWF0IjoxNzM5ODg4OTIwLCJqdGkiOiI4YzM2NzY0ZGRlYzQ0MDQzYTZiYjUwZDExZjYyYWQ3NiIsInVzZXJfaWQiOjV9.jZBxeTpnTeQKAGcpFklbFJj1O028W22FKFYL-0nzBlQ", "created_at": "2025-02-18T14:28:40.737Z", "expires_at": "2025-02-25T14:28:40Z"}}, {"model": "token_blacklist.outstandingtoken", "pk": 26, "fields": {"user": 4, "jti": "cbe55fc7078b457b966ae073067f4d77", "token": "eyJhbGciOiJIUzI1NiIsInR5cCI6IkpXVCJ9.eyJ0b2tlbl90eXBlIjoicmVmcmVzaCIsImV4cCI6MTc0MDQ5MzczNSwiaWF0IjoxNzM5ODg4OTM1LCJqdGkiOiJjYmU1NWZjNzA3OGI0NTdiOTY2YWUwNzMwNjdmNGQ3NyIsInVzZXJfaWQiOjR9.JJfw3gKZlcBqyRpqvq0gVMy5iQ9HIymB_K0Uif-dh0U", "created_at": "2025-02-18T14:28:55.869Z", "expires_at": "2025-02-25T14:28:55Z"}}, {"model": "token_blacklist.outstandingtoken", "pk": 27, "fields": {"user": 4, "jti": "15b3828e1e9d41ee8a814a48075eaeb1", "token": "eyJhbGciOiJIUzI1NiIsInR5cCI6IkpXVCJ9.eyJ0b2tlbl90eXBlIjoicmVmcmVzaCIsImV4cCI6MTc0MDQ5MzgxNiwiaWF0IjoxNzM5ODg5MDE2LCJqdGkiOiIxNWIzODI4ZTFlOWQ0MWVlOGE4MTRhNDgwNzVlYWViMSIsInVzZXJfaWQiOjR9.cVBYIH6demfgVWcF5D6PRnPfh7uqDzS2ZNBYjicnM3U", "created_at": "2025-02-18T14:30:16.215Z", "expires_at": "2025-02-25T14:30:16Z"}}, {"model": "token_blacklist.outstandingtoken", "pk": 28, "fields": {"user": 5, "jti": "769d05670b644a7eae4d660086f9e76c", "token": "eyJhbGciOiJIUzI1NiIsInR5cCI6IkpXVCJ9.eyJ0b2tlbl90eXBlIjoicmVmcmVzaCIsImV4cCI6MTc0MDQ5MzgyNiwiaWF0IjoxNzM5ODg5MDI2LCJqdGkiOiI3NjlkMDU2NzBiNjQ0YTdlYWU0ZDY2MDA4NmY5ZTc2YyIsInVzZXJfaWQiOjV9.z7wQQvjxj6FamuAXGPL7LbXW0CW5Pw9I1Q5gsRVlP8w", "created_at": "2025-02-18T14:30:26.498Z", "expires_at": "2025-02-25T14:30:26Z"}}, {"model": "token_blacklist.outstandingtoken", "pk": 29, "fields": {"user": 4, "jti": "ddd5d4600af140eaa950f6a95842b7bd", "token": "eyJhbGciOiJIUzI1NiIsInR5cCI6IkpXVCJ9.eyJ0b2tlbl90eXBlIjoicmVmcmVzaCIsImV4cCI6MTc0MDQ5Mzg2NiwiaWF0IjoxNzM5ODg5MDY2LCJqdGkiOiJkZGQ1ZDQ2MDBhZjE0MGVhYTk1MGY2YTk1ODQyYjdiZCIsInVzZXJfaWQiOjR9.gjVoSe6VDXofP5hiP5VUWG3ysqlpPW78GrxE16KXeLY", "created_at": "2025-02-18T14:31:06.001Z", "expires_at": "2025-02-25T14:31:06Z"}}, {"model": "token_blacklist.outstandingtoken", "pk": 30, "fields": {"user": 4, "jti": "7dbfbb4eb47e4eccae3e58d570bf698d", "token": "eyJhbGciOiJIUzI1NiIsInR5cCI6IkpXVCJ9.eyJ0b2tlbl90eXBlIjoicmVmcmVzaCIsImV4cCI6MTc0MDQ5NjEwOSwiaWF0IjoxNzM5ODkxMzA5LCJqdGkiOiI3ZGJmYmI0ZWI0N2U0ZWNjYWUzZTU4ZDU3MGJmNjk4ZCIsInVzZXJfaWQiOjR9.shIunpi6ke4Vr49D_GSJRF-gsKjVTtepFOgKbfig6Kk", "created_at": "2025-02-18T15:08:29.303Z", "expires_at": "2025-02-25T15:08:29Z"}}, {"model": "token_blacklist.outstandingtoken", "pk": 31, "fields": {"user": 4, "jti": "eb87249ab1554ccf9f499b1246e39807", "token": "eyJhbGciOiJIUzI1NiIsInR5cCI6IkpXVCJ9.eyJ0b2tlbl90eXBlIjoicmVmcmVzaCIsImV4cCI6MTc0MDQ5NjcwNiwiaWF0IjoxNzM5ODkxOTA2LCJqdGkiOiJlYjg3MjQ5YWIxNTU0Y2NmOWY0OTliMTI0NmUzOTgwNyIsInVzZXJfaWQiOjR9.WBl7QabL2yXT9wsNONeDi1ENKlylBScLUlR24aZyk8E", "created_at": "2025-02-18T15:18:26.318Z", "expires_at": "2025-02-25T15:18:26Z"}}, {"model": "token_blacklist.outstandingtoken", "pk": 32, "fields": {"user": 4, "jti": "66998c5b6ae94481b62e0e8374df7650", "token": "eyJhbGciOiJIUzI1NiIsInR5cCI6IkpXVCJ9.eyJ0b2tlbl90eXBlIjoicmVmcmVzaCIsImV4cCI6MTc0MDQ5OTc0MiwiaWF0IjoxNzM5ODk0OTQyLCJqdGkiOiI2Njk5OGM1YjZhZTk0NDgxYjYyZTBlODM3NGRmNzY1MCIsInVzZXJfaWQiOjR9.4PS6yOK3SEOneZw1JEAFDyq4t-ghh4AxX-hz-cXUrFI", "created_at": "2025-02-18T16:09:02.489Z", "expires_at": "2025-02-25T16:09:02Z"}}, {"model": "token_blacklist.outstandingtoken", "pk": 33, "fields": {"user": 5, "jti": "dc6feaaf14914844afa4f27ab3de153e", "token": "eyJhbGciOiJIUzI1NiIsInR5cCI6IkpXVCJ9.eyJ0b2tlbl90eXBlIjoicmVmcmVzaCIsImV4cCI6MTc0MDQ5OTc2MywiaWF0IjoxNzM5ODk0OTYzLCJqdGkiOiJkYzZmZWFhZjE0OTE0ODQ0YWZhNGYyN2FiM2RlMTUzZSIsInVzZXJfaWQiOjV9.fp36EbQHZx1lLNdLdSu2fhxsRmRAs64zLYEwxAxxINo", "created_at": "2025-02-18T16:09:23.600Z", "expires_at": "2025-02-25T16:09:23Z"}}, {"model": "token_blacklist.outstandingtoken", "pk": 34, "fields": {"user": 6, "jti": "01b4f6b8c77e48a49f5b46fa7413f8fc", "token": "eyJhbGciOiJIUzI1NiIsInR5cCI6IkpXVCJ9.eyJ0b2tlbl90eXBlIjoicmVmcmVzaCIsImV4cCI6MTc0MDQ5OTc3NywiaWF0IjoxNzM5ODk0OTc3LCJqdGkiOiIwMWI0ZjZiOGM3N2U0OGE0OWY1YjQ2ZmE3NDEzZjhmYyIsInVzZXJfaWQiOjZ9.A4FBt4BFqGHWxTuLebb_4jxLdfS320u4TefbmMwDMaE", "created_at": "2025-02-18T16:09:37.717Z", "expires_at": "2025-02-25T16:09:37Z"}}, {"model": "token_blacklist.outstandingtoken", "pk": 35, "fields": {"user": 4, "jti": "a81f5b05c6884c99ae26f53e5ee7a357", "token": "eyJhbGciOiJIUzI1NiIsInR5cCI6IkpXVCJ9.eyJ0b2tlbl90eXBlIjoicmVmcmVzaCIsImV4cCI6MTc0MDQ5OTc5NywiaWF0IjoxNzM5ODk0OTk3LCJqdGkiOiJhODFmNWIwNWM2ODg0Yzk5YWUyNmY1M2U1ZWU3YTM1NyIsInVzZXJfaWQiOjR9.5rmkIs4zKPgbKEfr8Z6A9IrTX1wA2mHHrRVf3u0c7DA", "created_at": "2025-02-18T16:09:57.022Z", "expires_at": "2025-02-25T16:09:57Z"}}, {"model": "token_blacklist.outstandingtoken", "pk": 36, "fields": {"user": 4, "jti": "1139e5973f3d4c5bb4648d553484d181", "token": "eyJhbGciOiJIUzI1NiIsInR5cCI6IkpXVCJ9.eyJ0b2tlbl90eXBlIjoicmVmcmVzaCIsImV4cCI6MTc0MDUwMTE5NiwiaWF0IjoxNzM5ODk2Mzk2LCJqdGkiOiIxMTM5ZTU5NzNmM2Q0YzViYjQ2NDhkNTUzNDg0ZDE4MSIsInVzZXJfaWQiOjR9.J11ANZOeZQOsTjrdEo2hRaAg9fAzZS1YhFcb3bhX1V0", "created_at": "2025-02-18T16:33:16.762Z", "expires_at": "2025-02-25T16:33:16Z"}}, {"model": "token_blacklist.outstandingtoken", "pk": 37, "fields": {"user": 5, "jti": "3ea88b5b7d2642ffad1c01b7be777b47", "token": "eyJhbGciOiJIUzI1NiIsInR5cCI6IkpXVCJ9.eyJ0b2tlbl90eXBlIjoicmVmcmVzaCIsImV4cCI6MTc0MDUwMTk4NiwiaWF0IjoxNzM5ODk3MTg2LCJqdGkiOiIzZWE4OGI1YjdkMjY0MmZmYWQxYzAxYjdiZTc3N2I0NyIsInVzZXJfaWQiOjV9.VcbUNfIMkrJq5ja1E_PEDpS2dcPli5gAy0aS7KYTn2M", "created_at": "2025-02-18T16:46:26.767Z", "expires_at": "2025-02-25T16:46:26Z"}}, {"model": "token_blacklist.outstandingtoken", "pk": 38, "fields": {"user": 4, "jti": "c5f10dafd00544779c221f93495a1a08", "token": "eyJhbGciOiJIUzI1NiIsInR5cCI6IkpXVCJ9.eyJ0b2tlbl90eXBlIjoicmVmcmVzaCIsImV4cCI6MTc0MDUwMjU5OCwiaWF0IjoxNzM5ODk3Nzk4LCJqdGkiOiJjNWYxMGRhZmQwMDU0NDc3OWMyMjFmOTM0OTVhMWEwOCIsInVzZXJfaWQiOjR9.lqp112ZXyXrWqDmjKDn2hXRuPuWTNkz3fNlRj0_CyO8", "created_at": "2025-02-18T16:56:38.707Z", "expires_at": "2025-02-25T16:56:38Z"}}, {"model": "token_blacklist.outstandingtoken", "pk": 39, "fields": {"user": 5, "jti": "8cea9738951a4d6e8831100db724cdd6", "token": "eyJhbGciOiJIUzI1NiIsInR5cCI6IkpXVCJ9.eyJ0b2tlbl90eXBlIjoicmVmcmVzaCIsImV4cCI6MTc0MDUwNTY5NSwiaWF0IjoxNzM5OTAwODk1LCJqdGkiOiI4Y2VhOTczODk1MWE0ZDZlODgzMTEwMGRiNzI0Y2RkNiIsInVzZXJfaWQiOjV9.iPT_UqcGdHSjC9B42-3tvo-hOv9QX_KjNEnLQ16CKwo", "created_at": "2025-02-18T17:48:15.470Z", "expires_at": "2025-02-25T17:48:15Z"}}, {"model": "token_blacklist.outstandingtoken", "pk": 40, "fields": {"user": 6, "jti": "2093282ab28d46dcaa5394ca13ba392b", "token": "eyJhbGciOiJIUzI1NiIsInR5cCI6IkpXVCJ9.eyJ0b2tlbl90eXBlIjoicmVmcmVzaCIsImV4cCI6MTc0MDUwNTcyMCwiaWF0IjoxNzM5OTAwOTIwLCJqdGkiOiIyMDkzMjgyYWIyOGQ0NmRjYWE1Mzk0Y2ExM2JhMzkyYiIsInVzZXJfaWQiOjZ9.OJqeJrZ2tl4L0TDLI5LBMMZzRv6UoeLO6ERXsLzHQm4", "created_at": "2025-02-18T17:48:40.102Z", "expires_at": "2025-02-25T17:48:40Z"}}, {"model": "token_blacklist.outstandingtoken", "pk": 41, "fields": {"user": 5, "jti": "af8fb756141d4364a6f2c5d559de1888", "token": "eyJhbGciOiJIUzI1NiIsInR5cCI6IkpXVCJ9.eyJ0b2tlbl90eXBlIjoicmVmcmVzaCIsImV4cCI6MTc0MDUwNjYyMiwiaWF0IjoxNzM5OTAxODIyLCJqdGkiOiJhZjhmYjc1NjE0MWQ0MzY0YTZmMmM1ZDU1OWRlMTg4OCIsInVzZXJfaWQiOjV9.W_FCig4ugA2aU6rdZqcStEXWseBG4tftYCqrX2fMCXo", "created_at": "2025-02-18T18:03:42.074Z", "expires_at": "2025-02-25T18:03:42Z"}}, {"model": "token_blacklist.outstandingtoken", "pk": 42, "fields": {"user": 4, "jti": "6c428ec58f874dc9b29c734062c6e044", "token": "eyJhbGciOiJIUzI1NiIsInR5cCI6IkpXVCJ9.eyJ0b2tlbl90eXBlIjoicmVmcmVzaCIsImV4cCI6MTc0MDUwNjc3NiwiaWF0IjoxNzM5OTAxOTc2LCJqdGkiOiI2YzQyOGVjNThmODc0ZGM5YjI5YzczNDA2MmM2ZTA0NCIsInVzZXJfaWQiOjR9.BYbkR5_rBF-fJdbrFjEK1MFk253_EMpsFAnzK4IHne0", "created_at": "2025-02-18T18:06:16.854Z", "expires_at": "2025-02-25T18:06:16Z"}}, {"model": "token_blacklist.outstandingtoken", "pk": 43, "fields": {"user": 5, "jti": "cf267813ba874dcbb64ef0ac2971fe78", "token": "eyJhbGciOiJIUzI1NiIsInR5cCI6IkpXVCJ9.eyJ0b2tlbl90eXBlIjoicmVmcmVzaCIsImV4cCI6MTc0MDU4OTg5OCwiaWF0IjoxNzM5OTg1MDk4LCJqdGkiOiJjZjI2NzgxM2JhODc0ZGNiYjY0ZWYwYWMyOTcxZmU3OCIsInVzZXJfaWQiOjV9.KSvlweBk1Qh6XbH_m8QzFwoIfJ5D8PdIRzSO6nGIiEs", "created_at": "2025-02-19T17:11:38.082Z", "expires_at": "2025-02-26T17:11:38Z"}}, {"model": "token_blacklist.outstandingtoken", "pk": 44, "fields": {"user": 6, "jti": "a9f900b8e7424a9b82b7d3799937a59d", "token": "eyJhbGciOiJIUzI1NiIsInR5cCI6IkpXVCJ9.eyJ0b2tlbl90eXBlIjoicmVmcmVzaCIsImV4cCI6MTc0MDU5MjE2MCwiaWF0IjoxNzM5OTg3MzYwLCJqdGkiOiJhOWY5MDBiOGU3NDI0YTliODJiN2QzNzk5OTM3YTU5ZCIsInVzZXJfaWQiOjZ9.zLXp8xOLFJJx6d_xuGcySEsq_BO5UnmcVXvE15dou-Q", "created_at": "2025-02-19T17:49:20.447Z", "expires_at": "2025-02-26T17:49:20Z"}}, {"model": "token_blacklist.outstandingtoken", "pk": 45, "fields": {"user": 5, "jti": "f6e8a25f407a444299a1ce35d1e836b4", "token": "eyJhbGciOiJIUzI1NiIsInR5cCI6IkpXVCJ9.eyJ0b2tlbl90eXBlIjoicmVmcmVzaCIsImV4cCI6MTc0MDU5MzMzMiwiaWF0IjoxNzM5OTg4NTMyLCJqdGkiOiJmNmU4YTI1ZjQwN2E0NDQyOTlhMWNlMzVkMWU4MzZiNCIsInVzZXJfaWQiOjV9.SerFwRoRpUjU_IQPt9L9JY8JjSIUw0Ah4Z7F-qgBISU", "created_at": "2025-02-19T18:08:52.880Z", "expires_at": "2025-02-26T18:08:52Z"}}, {"model": "token_blacklist.outstandingtoken", "pk": 46, "fields": {"user": 5, "jti": "db829ab681734e6dae7662d995ba33c8", "token": "eyJhbGciOiJIUzI1NiIsInR5cCI6IkpXVCJ9.eyJ0b2tlbl90eXBlIjoicmVmcmVzaCIsImV4cCI6MTc0MDU5NjE5NiwiaWF0IjoxNzM5OTkxMzk2LCJqdGkiOiJkYjgyOWFiNjgxNzM0ZTZkYWU3NjYyZDk5NWJhMzNjOCIsInVzZXJfaWQiOjV9.WxFfJVv1kmzHo7ALTBXD8QGALdkTC_lZ3h0JdOcLnGY", "created_at": "2025-02-19T18:56:36.544Z", "expires_at": "2025-02-26T18:56:36Z"}}, {"model": "token_blacklist.outstandingtoken", "pk": 47, "fields": {"user": 6, "jti": "747e1dd2a5a44afdb39e5b74878b7f07", "token": "eyJhbGciOiJIUzI1NiIsInR5cCI6IkpXVCJ9.eyJ0b2tlbl90eXBlIjoicmVmcmVzaCIsImV4cCI6MTc0MDU5NjU5MiwiaWF0IjoxNzM5OTkxNzkyLCJqdGkiOiI3NDdlMWRkMmE1YTQ0YWZkYjM5ZTViNzQ4NzhiN2YwNyIsInVzZXJfaWQiOjZ9.cVfBme5z-KXlnacYA7MVBKXHeX_iB6Vtl8NUZf8YNDw", "created_at": "2025-02-19T19:03:12.656Z", "expires_at": "2025-02-26T19:03:12Z"}}, {"model": "token_blacklist.outstandingtoken", "pk": 48, "fields": {"user": 5, "jti": "0c65346dcb9f4ed5a97c6b48c00d646c", "token": "eyJhbGciOiJIUzI1NiIsInR5cCI6IkpXVCJ9.eyJ0b2tlbl90eXBlIjoicmVmcmVzaCIsImV4cCI6MTc0MDYzNTgwMywiaWF0IjoxNzQwMDMxMDAzLCJqdGkiOiIwYzY1MzQ2ZGNiOWY0ZWQ1YTk3YzZiNDhjMDBkNjQ2YyIsInVzZXJfaWQiOjV9.VJM2G4uMMhr0GP2OJRBAkB5gOuNoMfDYeNRLLGLlDr0", "created_at": "2025-02-20T05:56:43.523Z", "expires_at": "2025-02-27T05:56:43Z"}}, {"model": "token_blacklist.outstandingtoken", "pk": 49, "fields": {"user": 4, "jti": "7fc9b74f7f334cc58052d415a9c5465d", "token": "eyJhbGciOiJIUzI1NiIsInR5cCI6IkpXVCJ9.eyJ0b2tlbl90eXBlIjoicmVmcmVzaCIsImV4cCI6MTc0MDY3Mzg2MywiaWF0IjoxNzQwMDY5MDYzLCJqdGkiOiI3ZmM5Yjc0ZjdmMzM0Y2M1ODA1MmQ0MTVhOWM1NDY1ZCIsInVzZXJfaWQiOjR9.VchvipFNZIz8z5osEee_-W71I_buxVL1KAm7mt8H4Fg", "created_at": "2025-02-20T16:31:03.338Z", "expires_at": "2025-02-27T16:31:03Z"}}, {"model": "token_blacklist.outstandingtoken", "pk": 50, "fields": {"user": 5, "jti": "d13db9e3808b4b4aa4ac788269bd6225", "token": "eyJhbGciOiJIUzI1NiIsInR5cCI6IkpXVCJ9.eyJ0b2tlbl90eXBlIjoicmVmcmVzaCIsImV4cCI6MTc0MDY3NDg1NywiaWF0IjoxNzQwMDcwMDU3LCJqdGkiOiJkMTNkYjllMzgwOGI0YjRhYTRhYzc4ODI2OWJkNjIyNSIsInVzZXJfaWQiOjV9.KrEiS9klmp0rL0gQz_PUu0UDFtsfmqKcjkEScCqkAEU", "created_at": "2025-02-20T16:47:37.572Z", "expires_at": "2025-02-27T16:47:37Z"}}, {"model": "token_blacklist.outstandingtoken", "pk": 51, "fields": {"user": 6, "jti": "d05520fce77b4814ae1df35026b3a924", "token": "eyJhbGciOiJIUzI1NiIsInR5cCI6IkpXVCJ9.eyJ0b2tlbl90eXBlIjoicmVmcmVzaCIsImV4cCI6MTc0MDY3Nzc3MSwiaWF0IjoxNzQwMDcyOTcxLCJqdGkiOiJkMDU1MjBmY2U3N2I0ODE0YWUxZGYzNTAyNmIzYTkyNCIsInVzZXJfaWQiOjZ9.VLk8SPnis1ztFIzYo7DX1OoK1p8fX9uyZQhj3u9G10I", "created_at": "2025-02-20T17:36:11.883Z", "expires_at": "2025-02-27T17:36:11Z"}}, {"model": "token_blacklist.outstandingtoken", "pk": 52, "fields": {"user": 6, "jti": "bd046190f9ed4486965f05a802eeeebb", "token": "eyJhbGciOiJIUzI1NiIsInR5cCI6IkpXVCJ9.eyJ0b2tlbl90eXBlIjoicmVmcmVzaCIsImV4cCI6MTc0MDY3ODEwNywiaWF0IjoxNzQwMDczMzA3LCJqdGkiOiJiZDA0NjE5MGY5ZWQ0NDg2OTY1ZjA1YTgwMmVlZWViYiIsInVzZXJfaWQiOjZ9.7gmCq_hcFeezCIZcutRo-ABzSg77EyYjS9o0cTUBc9o", "created_at": "2025-02-20T17:41:47.670Z", "expires_at": "2025-02-27T17:41:47Z"}}, {"model": "token_blacklist.outstandingtoken", "pk": 53, "fields": {"user": 4, "jti": "9f22106e40aa4273bd17d92b17ac5c47", "token": "eyJhbGciOiJIUzI1NiIsInR5cCI6IkpXVCJ9.eyJ0b2tlbl90eXBlIjoicmVmcmVzaCIsImV4cCI6MTc0MDY3ODEyNSwiaWF0IjoxNzQwMDczMzI1LCJqdGkiOiI5ZjIyMTA2ZTQwYWE0MjczYmQxN2Q5MmIxN2FjNWM0NyIsInVzZXJfaWQiOjR9.hE4fQpINB4R_VDFCX6Cfqe5GLwLz7wrwgpn526u8DB0", "created_at": "2025-02-20T17:42:05.348Z", "expires_at": "2025-02-27T17:42:05Z"}}, {"model": "token_blacklist.outstandingtoken", "pk": 54, "fields": {"user": 5, "jti": "5cd9263fc17b473ca1d2148685b27ad5", "token": "eyJhbGciOiJIUzI1NiIsInR5cCI6IkpXVCJ9.eyJ0b2tlbl90eXBlIjoicmVmcmVzaCIsImV4cCI6MTc0MDY3ODMxMCwiaWF0IjoxNzQwMDczNTEwLCJqdGkiOiI1Y2Q5MjYzZmMxN2I0NzNjYTFkMjE0ODY4NWIyN2FkNSIsInVzZXJfaWQiOjV9.tRH37lQGZH8jVRSFdVhs9gsvPth5kbWJWwnpZOStazo", "created_at": "2025-02-20T17:45:10.703Z", "expires_at": "2025-02-27T17:45:10Z"}}, {"model": "token_blacklist.outstandingtoken", "pk": 55, "fields": {"user": 4, "jti": "eecdd13eb1484802af754ad1ba301430", "token": "eyJhbGciOiJIUzI1NiIsInR5cCI6IkpXVCJ9.eyJ0b2tlbl90eXBlIjoicmVmcmVzaCIsImV4cCI6MTc0MDY3ODM5NiwiaWF0IjoxNzQwMDczNTk2LCJqdGkiOiJlZWNkZDEzZWIxNDg0ODAyYWY3NTRhZDFiYTMwMTQzMCIsInVzZXJfaWQiOjR9.a_sRjB1jDUQ6yXfuKNmItm-h7KCEyKWI-Iylo6szosk", "created_at": "2025-02-20T17:46:36.990Z", "expires_at": "2025-02-27T17:46:36Z"}}, {"model": "token_blacklist.outstandingtoken", "pk": 56, "fields": {"user": 4, "jti": "ce615909d10a421bb95e0be9d1872f68", "token": "eyJhbGciOiJIUzI1NiIsInR5cCI6IkpXVCJ9.eyJ0b2tlbl90eXBlIjoicmVmcmVzaCIsImV4cCI6MTc0MDc1ODc3NSwiaWF0IjoxNzQwMTUzOTc1LCJqdGkiOiJjZTYxNTkwOWQxMGE0MjFiYjk1ZTBiZTlkMTg3MmY2OCIsInVzZXJfaWQiOjR9.5XP1ze80LA6X8_mjzubqtSnl_RyjVBZRZE5Rj6TVryA", "created_at": "2025-02-21T16:06:15.786Z", "expires_at": "2025-02-28T16:06:15Z"}}, {"model": "token_blacklist.outstandingtoken", "pk": 57, "fields": {"user": 4, "jti": "76e27cd40c8645408abf0b9a127ac541", "token": "eyJhbGciOiJIUzI1NiIsInR5cCI6IkpXVCJ9.eyJ0b2tlbl90eXBlIjoicmVmcmVzaCIsImV4cCI6MTc0MDc2MDM0MywiaWF0IjoxNzQwMTU1NTQzLCJqdGkiOiI3NmUyN2NkNDBjODY0NTQwOGFiZjBiOWExMjdhYzU0MSIsInVzZXJfaWQiOjR9.7BseBMtwHCXrZA-NIuCYkAVJJp3h4LVw3UvLiJFAC2c", "created_at": "2025-02-21T16:32:23.059Z", "expires_at": "2025-02-28T16:32:23Z"}}, {"model": "token_blacklist.outstandingtoken", "pk": 58, "fields": {"user": 5, "jti": "66e153e28a354fd1a96cf0356351fae4", "token": "eyJhbGciOiJIUzI1NiIsInR5cCI6IkpXVCJ9.eyJ0b2tlbl90eXBlIjoicmVmcmVzaCIsImV4cCI6MTc0MDc2MzEzNCwiaWF0IjoxNzQwMTU4MzM0LCJqdGkiOiI2NmUxNTNlMjhhMzU0ZmQxYTk2Y2YwMzU2MzUxZmFlNCIsInVzZXJfaWQiOjV9.ao97qYvaDtT-S_Bn_GZKcwk233nJBSnbx2K09X06T64", "created_at": "2025-02-21T17:18:54.998Z", "expires_at": "2025-02-28T17:18:54Z"}}, {"model": "token_blacklist.outstandingtoken", "pk": 59, "fields": {"user": 4, "jti": "b6763f777d904d45a6564da97847c92d", "token": "eyJhbGciOiJIUzI1NiIsInR5cCI6IkpXVCJ9.eyJ0b2tlbl90eXBlIjoicmVmcmVzaCIsImV4cCI6MTc0MDc2MzE3MywiaWF0IjoxNzQwMTU4MzczLCJqdGkiOiJiNjc2M2Y3NzdkOTA0ZDQ1YTY1NjRkYTk3ODQ3YzkyZCIsInVzZXJfaWQiOjR9.SR1uU2DjF63RURqA94psLMDuhOEgLfxTY_YI1kNmKN4", "created_at": "2025-02-21T17:19:33.148Z", "expires_at": "2025-02-28T17:19:33Z"}}, {"model": "token_blacklist.outstandingtoken", "pk": 60, "fields": {"user": 4, "jti": "4167653aa60e4ba49aa4e97612300ee0", "token": "eyJhbGciOiJIUzI1NiIsInR5cCI6IkpXVCJ9.eyJ0b2tlbl90eXBlIjoicmVmcmVzaCIsImV4cCI6MTc0MDc2NjE4MCwiaWF0IjoxNzQwMTYxMzgwLCJqdGkiOiI0MTY3NjUzYWE2MGU0YmE0OWFhNGU5NzYxMjMwMGVlMCIsInVzZXJfaWQiOjR9.IRY8fLR4aujk_I2wCyj8zsKkA3k2SD9g3NcdM7QgGFs", "created_at": "2025-02-21T18:09:40.497Z", "expires_at": "2025-02-28T18:09:40Z"}}, {"model": "token_blacklist.outstandingtoken", "pk": 61, "fields": {"user": 4, "jti": "bde55593d2ac4fe7adca76e3b9d55ae4", "token": "eyJhbGciOiJIUzI1NiIsInR5cCI6IkpXVCJ9.eyJ0b2tlbl90eXBlIjoicmVmcmVzaCIsImV4cCI6MTc0MDc5ODkzNiwiaWF0IjoxNzQwMTk0MTM2LCJqdGkiOiJiZGU1NTU5M2QyYWM0ZmU3YWRjYTc2ZTNiOWQ1NWFlNCIsInVzZXJfaWQiOjR9.wX_is1IsjWy09iLJWE-VIFOV-gBZHrPR6lGBSM6jwqc", "created_at": "2025-02-22T03:15:36.468Z", "expires_at": "2025-03-01T03:15:36Z"}}, {"model": "token_blacklist.outstandingtoken", "pk": 62, "fields": {"user": 5, "jti": "74bc025105b643e88d0a0be7853aa829", "token": "eyJhbGciOiJIUzI1NiIsInR5cCI6IkpXVCJ9.eyJ0b2tlbl90eXBlIjoicmVmcmVzaCIsImV4cCI6MTc0MDgwNDQwOSwiaWF0IjoxNzQwMTk5NjA5LCJqdGkiOiI3NGJjMDI1MTA1YjY0M2U4OGQwYTBiZTc4NTNhYTgyOSIsInVzZXJfaWQiOjV9.ukwm_ZxDIrE1LFtqEuCMgBEovfiDbonyLPX072GFkEg", "created_at": "2025-02-22T04:46:49.687Z", "expires_at": "2025-03-01T04:46:49Z"}}, {"model": "token_blacklist.outstandingtoken", "pk": 63, "fields": {"user": 4, "jti": "689bd5cff027427d80cf1da319750d0d", "token": "eyJhbGciOiJIUzI1NiIsInR5cCI6IkpXVCJ9.eyJ0b2tlbl90eXBlIjoicmVmcmVzaCIsImV4cCI6MTc0MDgwNDQzOSwiaWF0IjoxNzQwMTk5NjM5LCJqdGkiOiI2ODliZDVjZmYwMjc0MjdkODBjZjFkYTMxOTc1MGQwZCIsInVzZXJfaWQiOjR9.EnQQh-3XR6eYm1VAKzt4caPNL-ygq96NbjZ68KF52T0", "created_at": "2025-02-22T04:47:19.330Z", "expires_at": "2025-03-01T04:47:19Z"}}, {"model": "token_blacklist.outstandingtoken", "pk": 64, "fields": {"user": 6, "jti": "a68d173c3f8f4a0d9ca7fe43fd60c33a", "token": "eyJhbGciOiJIUzI1NiIsInR5cCI6IkpXVCJ9.eyJ0b2tlbl90eXBlIjoicmVmcmVzaCIsImV4cCI6MTc0MDgwNDc5MSwiaWF0IjoxNzQwMTk5OTkxLCJqdGkiOiJhNjhkMTczYzNmOGY0YTBkOWNhN2ZlNDNmZDYwYzMzYSIsInVzZXJfaWQiOjZ9.gQ013Dd8IzZmhQWV6P5PXynNRA5BH-L2fM0unrZoWXo", "created_at": "2025-02-22T04:53:11.620Z", "expires_at": "2025-03-01T04:53:11Z"}}, {"model": "token_blacklist.outstandingtoken", "pk": 65, "fields": {"user": 5, "jti": "546eac32f3f64f21ad80463b31a3f19c", "token": "eyJhbGciOiJIUzI1NiIsInR5cCI6IkpXVCJ9.eyJ0b2tlbl90eXBlIjoicmVmcmVzaCIsImV4cCI6MTc0MDgwNDgxOSwiaWF0IjoxNzQwMjAwMDE5LCJqdGkiOiI1NDZlYWMzMmYzZjY0ZjIxYWQ4MDQ2M2IzMWEzZjE5YyIsInVzZXJfaWQiOjV9.G5_YefwsJQ8pLb94WYC6K1XvdQC_KFfh5VHsWRfcsRM", "created_at": "2025-02-22T04:53:39.311Z", "expires_at": "2025-03-01T04:53:39Z"}}, {"model": "token_blacklist.outstandingtoken", "pk": 66, "fields": {"user": 4, "jti": "f44676c2446b4a83ab4584b3f90485b2", "token": "eyJhbGciOiJIUzI1NiIsInR5cCI6IkpXVCJ9.eyJ0b2tlbl90eXBlIjoicmVmcmVzaCIsImV4cCI6MTc0MDgwNDgzNywiaWF0IjoxNzQwMjAwMDM3LCJqdGkiOiJmNDQ2NzZjMjQ0NmI0YTgzYWI0NTg0YjNmOTA0ODViMiIsInVzZXJfaWQiOjR9.Osncj6kO-jKamaZDLgQ72Wd3hDiYzMPwhCz2ALa2iFQ", "created_at": "2025-02-22T04:53:57.811Z", "expires_at": "2025-03-01T04:53:57Z"}}, {"model": "token_blacklist.outstandingtoken", "pk": 67, "fields": {"user": 5, "jti": "ba70138aded64eaea9bb6323c5e558e4", "token": "eyJhbGciOiJIUzI1NiIsInR5cCI6IkpXVCJ9.eyJ0b2tlbl90eXBlIjoicmVmcmVzaCIsImV4cCI6MTc0MDgwNDk0NCwiaWF0IjoxNzQwMjAwMTQ0LCJqdGkiOiJiYTcwMTM4YWRlZDY0ZWFlYTliYjYzMjNjNWU1NThlNCIsInVzZXJfaWQiOjV9.YNEwWlM1ZIIohT6TIrQOs35bTF2LI-OzIYVp7xPBHD8", "created_at": "2025-02-22T04:55:44.893Z", "expires_at": "2025-03-01T04:55:44Z"}}, {"model": "token_blacklist.outstandingtoken", "pk": 68, "fields": {"user": 4, "jti": "67f518fcfeee4823a85b1a77b5018c18", "token": "eyJhbGciOiJIUzI1NiIsInR5cCI6IkpXVCJ9.eyJ0b2tlbl90eXBlIjoicmVmcmVzaCIsImV4cCI6MTc0MDgwNDk2OCwiaWF0IjoxNzQwMjAwMTY4LCJqdGkiOiI2N2Y1MThmY2ZlZWU0ODIzYTg1YjFhNzdiNTAxOGMxOCIsInVzZXJfaWQiOjR9.L_jK59QtOgwJwGAbzO-yxh586rvibJqGvu3jcyTbMLw", "created_at": "2025-02-22T04:56:08.090Z", "expires_at": "2025-03-01T04:56:08Z"}}, {"model": "token_blacklist.outstandingtoken", "pk": 69, "fields": {"user": 4, "jti": "91bfb278317b449ab32c884b7ec4c381", "token": "eyJhbGciOiJIUzI1NiIsInR5cCI6IkpXVCJ9.eyJ0b2tlbl90eXBlIjoicmVmcmVzaCIsImV4cCI6MTc0MDgwNTA4NSwiaWF0IjoxNzQwMjAwMjg1LCJqdGkiOiI5MWJmYjI3ODMxN2I0NDlhYjMyYzg4NGI3ZWM0YzM4MSIsInVzZXJfaWQiOjR9.D0edQORxDKN7BxhMh_erKJ3_uHi5gEx-OTGVDictoxE", "created_at": "2025-02-22T04:58:05.956Z", "expires_at": "2025-03-01T04:58:05Z"}}, {"model": "token_blacklist.outstandingtoken", "pk": 70, "fields": {"user": 4, "jti": "44bf3296c5194f05b8786f73341cad38", "token": "eyJhbGciOiJIUzI1NiIsInR5cCI6IkpXVCJ9.eyJ0b2tlbl90eXBlIjoicmVmcmVzaCIsImV4cCI6MTc0MDgwNTc1NywiaWF0IjoxNzQwMjAwOTU3LCJqdGkiOiI0NGJmMzI5NmM1MTk0ZjA1Yjg3ODZmNzMzNDFjYWQzOCIsInVzZXJfaWQiOjR9.SLnVmUCzUUPvzzj8TNYY2t1S0ZWL--bTal29wd9PNZc", "created_at": "2025-02-22T05:09:17.520Z", "expires_at": "2025-03-01T05:09:17Z"}}, {"model": "token_blacklist.outstandingtoken", "pk": 71, "fields": {"user": 6, "jti": "e67b442afb944ba8b8c16c6dfd532673", "token": "eyJhbGciOiJIUzI1NiIsInR5cCI6IkpXVCJ9.eyJ0b2tlbl90eXBlIjoicmVmcmVzaCIsImV4cCI6MTc0MDgwNTkxMiwiaWF0IjoxNzQwMjAxMTEyLCJqdGkiOiJlNjdiNDQyYWZiOTQ0YmE4YjhjMTZjNmRmZDUzMjY3MyIsInVzZXJfaWQiOjZ9.l1wEVp6_-t9CabstMDvOXb2UnTu6WG5G2VrTcKAF1M8", "created_at": "2025-02-22T05:11:52.860Z", "expires_at": "2025-03-01T05:11:52Z"}}, {"model": "token_blacklist.outstandingtoken", "pk": 72, "fields": {"user": 5, "jti": "aacc8d642ab94e32995b74e6307490ce", "token": "eyJhbGciOiJIUzI1NiIsInR5cCI6IkpXVCJ9.eyJ0b2tlbl90eXBlIjoicmVmcmVzaCIsImV4cCI6MTc0MDgwNjE2NSwiaWF0IjoxNzQwMjAxMzY1LCJqdGkiOiJhYWNjOGQ2NDJhYjk0ZTMyOTk1Yjc0ZTYzMDc0OTBjZSIsInVzZXJfaWQiOjV9.FNR3jdGlmMKjGtFfQdriaFHmVSNbKcngZKsuRtSngYY", "created_at": "2025-02-22T05:16:05.025Z", "expires_at": "2025-03-01T05:16:05Z"}}, {"model": "token_blacklist.outstandingtoken", "pk": 73, "fields": {"user": 4, "jti": "597b1c77c94540b58f964b031d2ed5fe", "token": "eyJhbGciOiJIUzI1NiIsInR5cCI6IkpXVCJ9.eyJ0b2tlbl90eXBlIjoicmVmcmVzaCIsImV4cCI6MTc0MDgwNjIzNCwiaWF0IjoxNzQwMjAxNDM0LCJqdGkiOiI1OTdiMWM3N2M5NDU0MGI1OGY5NjRiMDMxZDJlZDVmZSIsInVzZXJfaWQiOjR9.umjxlEsR8oS-ssFfypBQIs4e_IIAsrMJHbP1L8e9xGw", "created_at": "2025-02-22T05:17:14.303Z", "expires_at": "2025-03-01T05:17:14Z"}}, {"model": "token_blacklist.outstandingtoken", "pk": 74, "fields": {"user": 5, "jti": "f1929adcf70d45ab98d6e9a8bad4c466", "token": "eyJhbGciOiJIUzI1NiIsInR5cCI6IkpXVCJ9.eyJ0b2tlbl90eXBlIjoicmVmcmVzaCIsImV4cCI6MTc0MDgwNjMxNCwiaWF0IjoxNzQwMjAxNTE0LCJqdGkiOiJmMTkyOWFkY2Y3MGQ0NWFiOThkNmU5YThiYWQ0YzQ2NiIsInVzZXJfaWQiOjV9.C9nU7epcb50flo4QoV6jRIqvHEH_-Jniy1imy9TzCzg", "created_at": "2025-02-22T05:18:34.940Z", "expires_at": "2025-03-01T05:18:34Z"}}, {"model": "token_blacklist.outstandingtoken", "pk": 75, "fields": {"user": 4, "jti": "0c3b4a5012c64670b18bb850d85b6e3b", "token": "eyJhbGciOiJIUzI1NiIsInR5cCI6IkpXVCJ9.eyJ0b2tlbl90eXBlIjoicmVmcmVzaCIsImV4cCI6MTc0MDgwODE3MSwiaWF0IjoxNzQwMjAzMzcxLCJqdGkiOiIwYzNiNGE1MDEyYzY0NjcwYjE4YmI4NTBkODViNmUzYiIsInVzZXJfaWQiOjR9.wW4eQoK9vGNpE_601pHsWCsyFwg2QfKwRN8WUkSCFfs", "created_at": "2025-02-22T05:49:31.975Z", "expires_at": "2025-03-01T05:49:31Z"}}, {"model": "token_blacklist.outstandingtoken", "pk": 76, "fields": {"user": 4, "jti": "195718207ece481daebaab7c5f16484e", "token": "eyJhbGciOiJIUzI1NiIsInR5cCI6IkpXVCJ9.eyJ0b2tlbl90eXBlIjoicmVmcmVzaCIsImV4cCI6MTc0MDgwODcwMCwiaWF0IjoxNzQwMjAzOTAwLCJqdGkiOiIxOTU3MTgyMDdlY2U0ODFkYWViYWFiN2M1ZjE2NDg0ZSIsInVzZXJfaWQiOjR9.nLVUWbRUPt4jq0CkPKRvXYglGb4Y7Y6PephCt-Soqdk", "created_at": "2025-02-22T05:58:20.952Z", "expires_at": "2025-03-01T05:58:20Z"}}, {"model": "token_blacklist.outstandingtoken", "pk": 77, "fields": {"user": 4, "jti": "a46c0deedea14851a068fc3df4825f7c", "token": "eyJhbGciOiJIUzI1NiIsInR5cCI6IkpXVCJ9.eyJ0b2tlbl90eXBlIjoicmVmcmVzaCIsImV4cCI6MTc0MDgwOTc5NywiaWF0IjoxNzQwMjA0OTk3LCJqdGkiOiJhNDZjMGRlZWRlYTE0ODUxYTA2OGZjM2RmNDgyNWY3YyIsInVzZXJfaWQiOjR9._isk_LVSN9uYz5OY_98AGBpQOl3nj6Rr-piDqjgNRRY", "created_at": "2025-02-22T06:16:37.348Z", "expires_at": "2025-03-01T06:16:37Z"}}, {"model": "token_blacklist.outstandingtoken", "pk": 78, "fields": {"user": 4, "jti": "71c488a0d49b4845b73e1174f7cfb2e7", "token": "eyJhbGciOiJIUzI1NiIsInR5cCI6IkpXVCJ9.eyJ0b2tlbl90eXBlIjoicmVmcmVzaCIsImV4cCI6MTc0MDgxMjA3NiwiaWF0IjoxNzQwMjA3Mjc2LCJqdGkiOiI3MWM0ODhhMGQ0OWI0ODQ1YjczZTExNzRmN2NmYjJlNyIsInVzZXJfaWQiOjR9.0stzQMnYobLIeMglV93XMVfx3fzDckgdI4EyTTyKJEc", "created_at": "2025-02-22T06:54:36.806Z", "expires_at": "2025-03-01T06:54:36Z"}}, {"model": "token_blacklist.outstandingtoken", "pk": 79, "fields": {"user": 4, "jti": "0e51eabfdc944c21b738e3651d52aeff", "token": "eyJhbGciOiJIUzI1NiIsInR5cCI6IkpXVCJ9.eyJ0b2tlbl90eXBlIjoicmVmcmVzaCIsImV4cCI6MTc0MDgxMjI2OSwiaWF0IjoxNzQwMjA3NDY5LCJqdGkiOiIwZTUxZWFiZmRjOTQ0YzIxYjczOGUzNjUxZDUyYWVmZiIsInVzZXJfaWQiOjR9.H24gfQMNfN69WD_Ik6sujl2VmkObE5Vh01XY1hhyLd0", "created_at": "2025-02-22T06:57:49.002Z", "expires_at": "2025-03-01T06:57:49Z"}}, {"model": "token_blacklist.outstandingtoken", "pk": 80, "fields": {"user": 4, "jti": "70aa7e31a4bf4ee3bc71230d10e800e7", "token": "eyJhbGciOiJIUzI1NiIsInR5cCI6IkpXVCJ9.eyJ0b2tlbl90eXBlIjoicmVmcmVzaCIsImV4cCI6MTc0MDgxMzU2OCwiaWF0IjoxNzQwMjA4NzY4LCJqdGkiOiI3MGFhN2UzMWE0YmY0ZWUzYmM3MTIzMGQxMGU4MDBlNyIsInVzZXJfaWQiOjR9.yODNIDdD6VuwPKtvxC3CfN6wakgBncbFLymqGILPHzg", "created_at": "2025-02-22T07:19:28.991Z", "expires_at": "2025-03-01T07:19:28Z"}}, {"model": "token_blacklist.outstandingtoken", "pk": 81, "fields": {"user": 4, "jti": "0dd937375a8144e8bd5170c57cb08f08", "token": "eyJhbGciOiJIUzI1NiIsInR5cCI6IkpXVCJ9.eyJ0b2tlbl90eXBlIjoicmVmcmVzaCIsImV4cCI6MTc0MDgxNDI0NCwiaWF0IjoxNzQwMjA5NDQ0LCJqdGkiOiIwZGQ5MzczNzVhODE0NGU4YmQ1MTcwYzU3Y2IwOGYwOCIsInVzZXJfaWQiOjR9.RYBkQVqUuOwIVM4wQ242GIqrhwZq1THXYsJPkCMxeEg", "created_at": "2025-02-22T07:30:44.632Z", "expires_at": "2025-03-01T07:30:44Z"}}, {"model": "token_blacklist.outstandingtoken", "pk": 82, "fields": {"user": 4, "jti": "958ea60a1fce4cce9530f675c32929e1", "token": "eyJhbGciOiJIUzI1NiIsInR5cCI6IkpXVCJ9.eyJ0b2tlbl90eXBlIjoicmVmcmVzaCIsImV4cCI6MTc0MDgxNjMxNywiaWF0IjoxNzQwMjExNTE3LCJqdGkiOiI5NThlYTYwYTFmY2U0Y2NlOTUzMGY2NzVjMzI5MjllMSIsInVzZXJfaWQiOjR9.Ifoa_Hlaedsbe-qBZuxkkNV7MXeUCAdzosh9F2OGxog", "created_at": "2025-02-22T08:05:17.674Z", "expires_at": "2025-03-01T08:05:17Z"}}, {"model": "token_blacklist.outstandingtoken", "pk": 83, "fields": {"user": 5, "jti": "aafb8f61eec74c65bff5aef41d7fe93e", "token": "eyJhbGciOiJIUzI1NiIsInR5cCI6IkpXVCJ9.eyJ0b2tlbl90eXBlIjoicmVmcmVzaCIsImV4cCI6MTc0MDgxNzE3NiwiaWF0IjoxNzQwMjEyMzc2LCJqdGkiOiJhYWZiOGY2MWVlYzc0YzY1YmZmNWFlZjQxZDdmZTkzZSIsInVzZXJfaWQiOjV9.Ulbisdq0QCA5qqygvTqwtR-jr1gMm_4s9Kn1OYcQur8", "created_at": "2025-02-22T08:19:36.648Z", "expires_at": "2025-03-01T08:19:36Z"}}, {"model": "token_blacklist.outstandingtoken", "pk": 84, "fields": {"user": 4, "jti": "12b198e0761b4974b4642b75e9c8e7d0", "token": "eyJhbGciOiJIUzI1NiIsInR5cCI6IkpXVCJ9.eyJ0b2tlbl90eXBlIjoicmVmcmVzaCIsImV4cCI6MTc0MDgxNzYwOSwiaWF0IjoxNzQwMjEyODA5LCJqdGkiOiIxMmIxOThlMDc2MWI0OTc0YjQ2NDJiNzVlOWM4ZTdkMCIsInVzZXJfaWQiOjR9.o-lLQbjyC_yNdT0LJJRSLOZe_uLyNAf1Hi7hd6cvBmA", "created_at": "2025-02-22T08:26:49.918Z", "expires_at": "2025-03-01T08:26:49Z"}}, {"model": "token_blacklist.outstandingtoken", "pk": 85, "fields": {"user": 6, "jti": "4e18343abd85471991a1aad625dc30fa", "token": "eyJhbGciOiJIUzI1NiIsInR5cCI6IkpXVCJ9.eyJ0b2tlbl90eXBlIjoicmVmcmVzaCIsImV4cCI6MTc0MDgxNzY0NCwiaWF0IjoxNzQwMjEyODQ0LCJqdGkiOiI0ZTE4MzQzYWJkODU0NzE5OTFhMWFhZDYyNWRjMzBmYSIsInVzZXJfaWQiOjZ9.waAJA0J2puCx5AVxV2yj5fMa6UVxwMJD1bqpKBarE7Q", "created_at": "2025-02-22T08:27:24.855Z", "expires_at": "2025-03-01T08:27:24Z"}}, {"model": "token_blacklist.outstandingtoken", "pk": 86, "fields": {"user": 4, "jti": "ae1c0d8689504435bb9e756efffcef70", "token": "eyJhbGciOiJIUzI1NiIsInR5cCI6IkpXVCJ9.eyJ0b2tlbl90eXBlIjoicmVmcmVzaCIsImV4cCI6MTc0MDgxNzczMCwiaWF0IjoxNzQwMjEyOTMwLCJqdGkiOiJhZTFjMGQ4Njg5NTA0NDM1YmI5ZTc1NmVmZmZjZWY3MCIsInVzZXJfaWQiOjR9.yBhBvxspWhanmeNfKOMTJKg0ATJLsHjbxZebt9vXJ5g", "created_at": "2025-02-22T08:28:50.796Z", "expires_at": "2025-03-01T08:28:50Z"}}, {"model": "token_blacklist.outstandingtoken", "pk": 87, "fields": {"user": 4, "jti": "f251e56b48aa4e7cb1893fd4fbdc68c2", "token": "eyJhbGciOiJIUzI1NiIsInR5cCI6IkpXVCJ9.eyJ0b2tlbl90eXBlIjoicmVmcmVzaCIsImV4cCI6MTc0MDgyNDY1MSwiaWF0IjoxNzQwMjE5ODUxLCJqdGkiOiJmMjUxZTU2YjQ4YWE0ZTdjYjE4OTNmZDRmYmRjNjhjMiIsInVzZXJfaWQiOjR9.WkXB_-0bgek9nns3tgQNtTsTLuZTIN7_CgM78mYNlCY", "created_at": "2025-02-22T10:24:11.444Z", "expires_at": "2025-03-01T10:24:11Z"}}, {"model": "token_blacklist.outstandingtoken", "pk": 88, "fields": {"user": 4, "jti": "7c75570b895847bfb25abd579ab72981", "token": "eyJhbGciOiJIUzI1NiIsInR5cCI6IkpXVCJ9.eyJ0b2tlbl90eXBlIjoicmVmcmVzaCIsImV4cCI6MTc0MDgyNzk1MiwiaWF0IjoxNzQwMjIzMTUyLCJqdGkiOiI3Yzc1NTcwYjg5NTg0N2JmYjI1YWJkNTc5YWI3Mjk4MSIsInVzZXJfaWQiOjR9.c27WyF4fInbmsZ3yRE4lDFaHAKeYMxsrTr0lYGL2Rws", "created_at": "2025-02-22T11:19:12.534Z", "expires_at": "2025-03-01T11:19:12Z"}}, {"model": "token_blacklist.outstandingtoken", "pk": 89, "fields": {"user": 4, "jti": "a2b21805ee84433c80f0ed4efa247bc0", "token": "eyJhbGciOiJIUzI1NiIsInR5cCI6IkpXVCJ9.eyJ0b2tlbl90eXBlIjoicmVmcmVzaCIsImV4cCI6MTc0MDg0NjM4MiwiaWF0IjoxNzQwMjQxNTgyLCJqdGkiOiJhMmIyMTgwNWVlODQ0MzNjODBmMGVkNGVmYTI0N2JjMCIsInVzZXJfaWQiOjR9.GPnhf-PKqwNeXgY8ELIkdORv-EZILwwzSBazs1OX1Ss", "created_at": "2025-02-22T16:26:22.700Z", "expires_at": "2025-03-01T16:26:22Z"}}, {"model": "token_blacklist.outstandingtoken", "pk": 90, "fields": {"user": 4, "jti": "446db3859d614b85b7792276a22bbd0d", "token": "eyJhbGciOiJIUzI1NiIsInR5cCI6IkpXVCJ9.eyJ0b2tlbl90eXBlIjoicmVmcmVzaCIsImV4cCI6MTc0MDg0NjYyMywiaWF0IjoxNzQwMjQxODIzLCJqdGkiOiI0NDZkYjM4NTlkNjE0Yjg1Yjc3OTIyNzZhMjJiYmQwZCIsInVzZXJfaWQiOjR9.UcOg19rcQBmWabIQ1fLkt-UiN5Lt1roav2wwRRgFp8E", "created_at": "2025-02-22T16:30:23.719Z", "expires_at": "2025-03-01T16:30:23Z"}}, {"model": "token_blacklist.outstandingtoken", "pk": 91, "fields": {"user": 4, "jti": "e35bb7b054694c1d8f71687b171625db", "token": "eyJhbGciOiJIUzI1NiIsInR5cCI6IkpXVCJ9.eyJ0b2tlbl90eXBlIjoicmVmcmVzaCIsImV4cCI6MTc0MDg0NjczNSwiaWF0IjoxNzQwMjQxOTM1LCJqdGkiOiJlMzViYjdiMDU0Njk0YzFkOGY3MTY4N2IxNzE2MjVkYiIsInVzZXJfaWQiOjR9.blSEyzaMsQ6-HK_UhyPP3Lxs4CsXEuyolZZdG_LKvEQ", "created_at": "2025-02-22T16:32:15.739Z", "expires_at": "2025-03-01T16:32:15Z"}}, {"model": "token_blacklist.outstandingtoken", "pk": 92, "fields": {"user": 4, "jti": "343a619eb718475582812fda7b46215c", "token": "eyJhbGciOiJIUzI1NiIsInR5cCI6IkpXVCJ9.eyJ0b2tlbl90eXBlIjoicmVmcmVzaCIsImV4cCI6MTc0MDg0OTQ0MSwiaWF0IjoxNzQwMjQ0NjQxLCJqdGkiOiIzNDNhNjE5ZWI3MTg0NzU1ODI4MTJmZGE3YjQ2MjE1YyIsInVzZXJfaWQiOjR9.oHq4-e8MkSSygrnWkNq321Fh-PYlNvSy9Djk-Yq9DFM", "created_at": "2025-02-22T17:17:21.582Z", "expires_at": "2025-03-01T17:17:21Z"}}, {"model": "token_blacklist.outstandingtoken", "pk": 93, "fields": {"user": 5, "jti": "01bac706f315428b99bf604a1790369d", "token": "eyJhbGciOiJIUzI1NiIsInR5cCI6IkpXVCJ9.eyJ0b2tlbl90eXBlIjoicmVmcmVzaCIsImV4cCI6MTc0MDg1MjE3MCwiaWF0IjoxNzQwMjQ3MzcwLCJqdGkiOiIwMWJhYzcwNmYzMTU0MjhiOTliZjYwNGExNzkwMzY5ZCIsInVzZXJfaWQiOjV9.9ufhqCNrxwiUCm-P5wM6e3DI1cjxztxDIvXSC2AAf-Q", "created_at": "2025-02-22T18:02:50.353Z", "expires_at": "2025-03-01T18:02:50Z"}}, {"model": "token_blacklist.outstandingtoken", "pk": 94, "fields": {"user": 4, "jti": "19bacff4f1a14014aa9f622a2c0eaf23", "token": "eyJhbGciOiJIUzI1NiIsInR5cCI6IkpXVCJ9.eyJ0b2tlbl90eXBlIjoicmVmcmVzaCIsImV4cCI6MTc0MDg1MjIxNiwiaWF0IjoxNzQwMjQ3NDE2LCJqdGkiOiIxOWJhY2ZmNGYxYTE0MDE0YWE5ZjYyMmEyYzBlYWYyMyIsInVzZXJfaWQiOjR9.JgZRThApBZMzcm0dFNmTjhS_CLkSOkDeA4c4OPWzghM", "created_at": "2025-02-22T18:03:36.635Z", "expires_at": "2025-03-01T18:03:36Z"}}, {"model": "token_blacklist.outstandingtoken", "pk": 95, "fields": {"user": 5, "jti": "860f2d06d25748dc96806f0a4ff097a8", "token": "eyJhbGciOiJIUzI1NiIsInR5cCI6IkpXVCJ9.eyJ0b2tlbl90eXBlIjoicmVmcmVzaCIsImV4cCI6MTc0MDg5MDQzMSwiaWF0IjoxNzQwMjg1NjMxLCJqdGkiOiI4NjBmMmQwNmQyNTc0OGRjOTY4MDZmMGE0ZmYwOTdhOCIsInVzZXJfaWQiOjV9.s8UjtCLbJ0ouf1hGSHwibvvw_L-TOhqY-4q1LVTPnLs", "created_at": "2025-02-23T04:40:31.792Z", "expires_at": "2025-03-02T04:40:31Z"}}, {"model": "token_blacklist.outstandingtoken", "pk": 96, "fields": {"user": 4, "jti": "cbbb690229a74be09a50380c6044d682", "token": "eyJhbGciOiJIUzI1NiIsInR5cCI6IkpXVCJ9.eyJ0b2tlbl90eXBlIjoicmVmcmVzaCIsImV4cCI6MTc0MDg5MTI4MiwiaWF0IjoxNzQwMjg2NDgyLCJqdGkiOiJjYmJiNjkwMjI5YTc0YmUwOWE1MDM4MGM2MDQ0ZDY4MiIsInVzZXJfaWQiOjR9.P0z66_zUH_G0OQ1lycuM558hzyARnfuxGjz6aCQIS14", "created_at": "2025-02-23T04:54:42.619Z", "expires_at": "2025-03-02T04:54:42Z"}}, {"model": "token_blacklist.outstandingtoken", "pk": 97, "fields": {"user": 4, "jti": "cba371bed1ec4955bb177b153fa42306", "token": "eyJhbGciOiJIUzI1NiIsInR5cCI6IkpXVCJ9.eyJ0b2tlbl90eXBlIjoicmVmcmVzaCIsImV4cCI6MTc0MDg5ODM3OCwiaWF0IjoxNzQwMjkzNTc4LCJqdGkiOiJjYmEzNzFiZWQxZWM0OTU1YmIxNzdiMTUzZmE0MjMwNiIsInVzZXJfaWQiOjR9.3jfaBqmgGQY1QuVzg5ODMoAQM3Xbffa0zJBtHy0fA2g", "created_at": "2025-02-23T06:52:58.786Z", "expires_at": "2025-03-02T06:52:58Z"}}, {"model": "token_blacklist.outstandingtoken", "pk": 98, "fields": {"user": 4, "jti": "7389eb5dc00a423ebbc3813f0e19f22f", "token": "eyJhbGciOiJIUzI1NiIsInR5cCI6IkpXVCJ9.eyJ0b2tlbl90eXBlIjoicmVmcmVzaCIsImV4cCI6MTc0MDkwMjcxOCwiaWF0IjoxNzQwMjk3OTE4LCJqdGkiOiI3Mzg5ZWI1ZGMwMGE0MjNlYmJjMzgxM2YwZTE5ZjIyZiIsInVzZXJfaWQiOjR9.g5f6IbK0UGNXZN0jP-sSGq1rhKI_unpZwWwBfgOwI-0", "created_at": "2025-02-23T08:05:18.265Z", "expires_at": "2025-03-02T08:05:18Z"}}, {"model": "token_blacklist.outstandingtoken", "pk": 99, "fields": {"user": 4, "jti": "c5eaf2aba6784e729a16e311dbab7b1b", "token": "eyJhbGciOiJIUzI1NiIsInR5cCI6IkpXVCJ9.eyJ0b2tlbl90eXBlIjoicmVmcmVzaCIsImV4cCI6MTc0MDk3NTU1OCwiaWF0IjoxNzQwMzcwNzU4LCJqdGkiOiJjNWVhZjJhYmE2Nzg0ZTcyOWExNmUzMTFkYmFiN2IxYiIsInVzZXJfaWQiOjR9.Uoix8mLY3fAiZzMm1oB0z5fOFeVYUHjxwkmtv-e9oz0", "created_at": "2025-02-24T04:19:18.630Z", "expires_at": "2025-03-03T04:19:18Z"}}, {"model": "token_blacklist.outstandingtoken", "pk": 100, "fields": {"user": 5, "jti": "478e9f491ab744adacfcd5fb43d1a1e5", "token": "eyJhbGciOiJIUzI1NiIsInR5cCI6IkpXVCJ9.eyJ0b2tlbl90eXBlIjoicmVmcmVzaCIsImV4cCI6MTc0MDk3ODUwNiwiaWF0IjoxNzQwMzczNzA2LCJqdGkiOiI0NzhlOWY0OTFhYjc0NGFkYWNmY2Q1ZmI0M2QxYTFlNSIsInVzZXJfaWQiOjV9.8B9MHpfsTOfAhYCQwQwZoP68BFtvPEq8CUlgcIyACk8", "created_at": "2025-02-24T05:08:26.622Z", "expires_at": "2025-03-03T05:08:26Z"}}, {"model": "token_blacklist.outstandingtoken", "pk": 101, "fields": {"user": 6, "jti": "cf44531f1e06415ba78b030d9b9229e7", "token": "eyJhbGciOiJIUzI1NiIsInR5cCI6IkpXVCJ9.eyJ0b2tlbl90eXBlIjoicmVmcmVzaCIsImV4cCI6MTc0MDk4MDU5NywiaWF0IjoxNzQwMzc1Nzk3LCJqdGkiOiJjZjQ0NTMxZjFlMDY0MTViYTc4YjAzMGQ5YjkyMjllNyIsInVzZXJfaWQiOjZ9.JEaoDGMaMDzg6JL5v2Wx5Rb3o8dgqY8jx_SumLrIxT8", "created_at": "2025-02-24T05:43:17.764Z", "expires_at": "2025-03-03T05:43:17Z"}}, {"model": "token_blacklist.outstandingtoken", "pk": 102, "fields": {"user": 5, "jti": "6ab57dff439546fe8b54354521fb1512", "token": "eyJhbGciOiJIUzI1NiIsInR5cCI6IkpXVCJ9.eyJ0b2tlbl90eXBlIjoicmVmcmVzaCIsImV4cCI6MTc0MDk4ODQyOSwiaWF0IjoxNzQwMzgzNjI5LCJqdGkiOiI2YWI1N2RmZjQzOTU0NmZlOGI1NDM1NDUyMWZiMTUxMiIsInVzZXJfaWQiOjV9.M0DNr664QUHzL0PF0ZMnaOBdpu-QQoPwUTDSFyq5EzU", "created_at": "2025-02-24T07:53:49.859Z", "expires_at": "2025-03-03T07:53:49Z"}}, {"model": "token_blacklist.outstandingtoken", "pk": 103, "fields": {"user": 5, "jti": "11abb713390040ecbdaf420aa03b4c57", "token": "eyJhbGciOiJIUzI1NiIsInR5cCI6IkpXVCJ9.eyJ0b2tlbl90eXBlIjoicmVmcmVzaCIsImV4cCI6MTc0MDk5MTA5NSwiaWF0IjoxNzQwMzg2Mjk1LCJqdGkiOiIxMWFiYjcxMzM5MDA0MGVjYmRhZjQyMGFhMDNiNGM1NyIsInVzZXJfaWQiOjV9.MGm0VPtgcB6TE0SdacXzsdqK5ZG5VfEM0Q7PzIIaCKc", "created_at": "2025-02-24T08:38:15.092Z", "expires_at": "2025-03-03T08:38:15Z"}}, {"model": "token_blacklist.outstandingtoken", "pk": 104, "fields": {"user": 4, "jti": "c2df2a1b9a4546279235d3f6ccb66f04", "token": "eyJhbGciOiJIUzI1NiIsInR5cCI6IkpXVCJ9.eyJ0b2tlbl90eXBlIjoicmVmcmVzaCIsImV4cCI6MTc0MDk5MzkzMSwiaWF0IjoxNzQwMzg5MTMxLCJqdGkiOiJjMmRmMmExYjlhNDU0NjI3OTIzNWQzZjZjY2I2NmYwNCIsInVzZXJfaWQiOjR9.T-OChJpHco4X7beMRS-MagI26GbclJgKh9NOyNWBEnE", "created_at": "2025-02-24T09:25:31.642Z", "expires_at": "2025-03-03T09:25:31Z"}}, {"model": "token_blacklist.outstandingtoken", "pk": 105, "fields": {"user": 5, "jti": "cd94b1d4304b4644b400ea68888ee825", "token": "eyJhbGciOiJIUzI1NiIsInR5cCI6IkpXVCJ9.eyJ0b2tlbl90eXBlIjoicmVmcmVzaCIsImV4cCI6MTc0MDk5NDM5MiwiaWF0IjoxNzQwMzg5NTkyLCJqdGkiOiJjZDk0YjFkNDMwNGI0NjQ0YjQwMGVhNjg4ODhlZTgyNSIsInVzZXJfaWQiOjV9._tXFYGQA1HU3Lqs94QEBozKuEV27d4dRiDb6Lskt92o", "created_at": "2025-02-24T09:33:12.386Z", "expires_at": "2025-03-03T09:33:12Z"}}, {"model": "token_blacklist.outstandingtoken", "pk": 106, "fields": {"user": 6, "jti": "e8ddc0bd41164fabb197a4ad134df468", "token": "eyJhbGciOiJIUzI1NiIsInR5cCI6IkpXVCJ9.eyJ0b2tlbl90eXBlIjoicmVmcmVzaCIsImV4cCI6MTc0MTAyNDMwNCwiaWF0IjoxNzQwNDE5NTA0LCJqdGkiOiJlOGRkYzBiZDQxMTY0ZmFiYjE5N2E0YWQxMzRkZjQ2OCIsInVzZXJfaWQiOjZ9.iP-8yNSNrKc7f2qZ8lRPW1HmFsv6J0N7pcmVgKnUJjw", "created_at": "2025-02-24T17:51:44.123Z", "expires_at": "2025-03-03T17:51:44Z"}}, {"model": "token_blacklist.outstandingtoken", "pk": 107, "fields": {"user": 5, "jti": "9a15e0bde2654955ab7041f29a26eb9e", "token": "eyJhbGciOiJIUzI1NiIsInR5cCI6IkpXVCJ9.eyJ0b2tlbl90eXBlIjoicmVmcmVzaCIsImV4cCI6MTc0MTA2MTU2NiwiaWF0IjoxNzQwNDU2NzY2LCJqdGkiOiI5YTE1ZTBiZGUyNjU0OTU1YWI3MDQxZjI5YTI2ZWI5ZSIsInVzZXJfaWQiOjV9.L6qXzesxQQYgD7P1OH7VsN_wPPZa9CVqL5Hfp_7rEBs", "created_at": "2025-02-25T04:12:46.867Z", "expires_at": "2025-03-04T04:12:46Z"}}, {"model": "token_blacklist.outstandingtoken", "pk": 108, "fields": {"user": 5, "jti": "4221d41ceb6140909dd56559421589a3", "token": "eyJhbGciOiJIUzI1NiIsInR5cCI6IkpXVCJ9.eyJ0b2tlbl90eXBlIjoicmVmcmVzaCIsImV4cCI6MTc0MTA3NDE1MCwiaWF0IjoxNzQwNDY5MzUwLCJqdGkiOiI0MjIxZDQxY2ViNjE0MDkwOWRkNTY1NTk0MjE1ODlhMyIsInVzZXJfaWQiOjV9.px1uyjtV9ns6U8oO39XIVEhcv9SjKzHwaV16gbNtssg", "created_at": "2025-02-25T07:42:30.690Z", "expires_at": "2025-03-04T07:42:30Z"}}, {"model": "token_blacklist.outstandingtoken", "pk": 109, "fields": {"user": 4, "jti": "24189bd1081d499d8f317d6af426890f", "token": "eyJhbGciOiJIUzI1NiIsInR5cCI6IkpXVCJ9.eyJ0b2tlbl90eXBlIjoicmVmcmVzaCIsImV4cCI6MTc0MTA3ODMwOSwiaWF0IjoxNzQwNDczNTA5LCJqdGkiOiIyNDE4OWJkMTA4MWQ0OTlkOGYzMTdkNmFmNDI2ODkwZiIsInVzZXJfaWQiOjR9.6phg34bK-wxXf9AM6tsB9zjPYrGse1DsZAMye_shhK0", "created_at": "2025-02-25T08:51:49.733Z", "expires_at": "2025-03-04T08:51:49Z"}}, {"model": "token_blacklist.outstandingtoken", "pk": 110, "fields": {"user": 4, "jti": "26a09b1b74b549cc89fa7458292359ce", "token": "eyJhbGciOiJIUzI1NiIsInR5cCI6IkpXVCJ9.eyJ0b2tlbl90eXBlIjoicmVmcmVzaCIsImV4cCI6MTc0MTA4NDM0OSwiaWF0IjoxNzQwNDc5NTQ5LCJqdGkiOiIyNmEwOWIxYjc0YjU0OWNjODlmYTc0NTgyOTIzNTljZSIsInVzZXJfaWQiOjR9.7YoOWiFBh74lz0l7wn1U0rD0Q5wf-TXV4nFApS9hZVI", "created_at": "2025-02-25T10:32:29.623Z", "expires_at": "2025-03-04T10:32:29Z"}}, {"model": "token_blacklist.outstandingtoken", "pk": 111, "fields": {"user": 5, "jti": "634531ad98334ee4b0ffdf48883e2e3c", "token": "eyJhbGciOiJIUzI1NiIsInR5cCI6IkpXVCJ9.eyJ0b2tlbl90eXBlIjoicmVmcmVzaCIsImV4cCI6MTc0MTE0ODMxNywiaWF0IjoxNzQwNTQzNTE3LCJqdGkiOiI2MzQ1MzFhZDk4MzM0ZWU0YjBmZmRmNDg4ODNlMmUzYyIsInVzZXJfaWQiOjV9.pUWzVaYpP3vSsUDrnu5wMEeupI8PR7uq3zVwUGzIDA4", "created_at": "2025-02-26T04:18:37.810Z", "expires_at": "2025-03-05T04:18:37Z"}}, {"model": "token_blacklist.outstandingtoken", "pk": 112, "fields": {"user": 4, "jti": "6d337666bd0e432da0f79f59c6c0a297", "token": "eyJhbGciOiJIUzI1NiIsInR5cCI6IkpXVCJ9.eyJ0b2tlbl90eXBlIjoicmVmcmVzaCIsImV4cCI6MTc0MTE0ODUxOCwiaWF0IjoxNzQwNTQzNzE4LCJqdGkiOiI2ZDMzNzY2NmJkMGU0MzJkYTBmNzlmNTljNmMwYTI5NyIsInVzZXJfaWQiOjR9.q6KXxvYMBYlWt1FmjFmUXk_Ao6y4B09pZ8bJX5PfEp0", "created_at": "2025-02-26T04:21:58.835Z", "expires_at": "2025-03-05T04:21:58Z"}}, {"model": "token_blacklist.outstandingtoken", "pk": 113, "fields": {"user": 5, "jti": "fbe4fda834c54f9ba957ea1172af1371", "token": "eyJhbGciOiJIUzI1NiIsInR5cCI6IkpXVCJ9.eyJ0b2tlbl90eXBlIjoicmVmcmVzaCIsImV4cCI6MTc0MTE1NTM0MywiaWF0IjoxNzQwNTUwNTQzLCJqdGkiOiJmYmU0ZmRhODM0YzU0ZjliYTk1N2VhMTE3MmFmMTM3MSIsInVzZXJfaWQiOjV9.B5hPIQXAuNZbDmwbMgGUzPWdZ0DqP7auq5XNi245S2Q", "created_at": "2025-02-26T06:15:43.009Z", "expires_at": "2025-03-05T06:15:43Z"}}, {"model": "token_blacklist.outstandingtoken", "pk": 114, "fields": {"user": 4, "jti": "2c30885731a34727b7896f3098d28e8a", "token": "eyJhbGciOiJIUzI1NiIsInR5cCI6IkpXVCJ9.eyJ0b2tlbl90eXBlIjoicmVmcmVzaCIsImV4cCI6MTc0MTE2NDY2MiwiaWF0IjoxNzQwNTU5ODYyLCJqdGkiOiIyYzMwODg1NzMxYTM0NzI3Yjc4OTZmMzA5OGQyOGU4YSIsInVzZXJfaWQiOjR9.Js8JSXO1dklHiSeWb0y7RYXKVPVnCC_8Eybm1o-SVPE", "created_at": "2025-02-26T08:51:02.143Z", "expires_at": "2025-03-05T08:51:02Z"}}, {"model": "token_blacklist.outstandingtoken", "pk": 115, "fields": {"user": 4, "jti": "b7a9113ed665410aa73eee550ccde45e", "token": "eyJhbGciOiJIUzI1NiIsInR5cCI6IkpXVCJ9.eyJ0b2tlbl90eXBlIjoicmVmcmVzaCIsImV4cCI6MTc0MTMyMjMwOCwiaWF0IjoxNzQwNzE3NTA4LCJqdGkiOiJiN2E5MTEzZWQ2NjU0MTBhYTczZWVlNTUwY2NkZTQ1ZSIsInVzZXJfaWQiOjR9.T03fxr3DMVmsC060G2Qx4cFTXC6vCHb3KEJya8inm1E", "created_at": "2025-02-28T04:38:28.773Z", "expires_at": "2025-03-07T04:38:28Z"}}]
